Order/PO Number,External ID,Model number,ASIN,Merchant SKU,Title,List price,Discount,Cost,Quantity Ordered,Previously Confirmed Quantity,Quantity Confirmed,Quantity Canceled,Quantity Received,Hand Off Start,Hand Off End,Hand Off Type,Expected Hand Off Date,Availability Status,Error From Previous Upload Attempt,Vendor code,Fulfillment Center,Consolidation ID,Condition,Order date,Is Back Order,Freight terms,Payment Method,Special Instructions,Comments,Legal Entity Id,Currency code,External ID type,Item Package Quantity,Aggregate Quantity,Merchant Customer ID,Merchant Sku ratio,Priority
69VED3RS,6222040339917,5211603506,B09RJ98MC1,,"Junior KIDS SOCKS INVISIBLE BIRDS P/2 , Multicolor 6 Years",EGP 65.79,35%,42.76,1,,1,0,0,03-ГЫУШУ-2025,14-ГЫУШУ-2025,Delivery,03-ГЫУШУ-2025,AC - Accepted: In stock,,399U9,SPX5,,Unconfirmed,02-ГЫУШУ-2025,NO,Prepaid,Invoice,,,142,EGP,7,1,1,,0.00,No
69VED3RS,6222040338347,5211504508,B09RJBXM29,,"Junior KIDS SOCKS INVISIBLE SNOOPY P/2 , Multicolor 8 Years",EGP 65.79,35%,42.76,6,,6,0,0,03-ГЫУШУ-2025,14-ГЫУШУ-2025,Delivery,03-ГЫУШУ-2025,AC - Accepted: In stock,,399U9,SPX5,,Unconfirmed,02-ГЫУШУ-2025,NO,Prepaid,Invoice,,,142,EGP,7,1,1,,0.00,No
69VED3RS,6222040393322,1100720018,B09X5RVNGC,,"Junior Baby unisex Sleeveless Body Baby and Toddler Underwear Set, White, 18 Months",EGP 65.79,35%,42.76,9,,9,0,0,03-ГЫУШУ-2025,14-ГЫУШУ-2025,Delivery,03-ГЫУШУ-2025,AC - Accepted: In stock,,399U9,SPX5,,Unconfirmed,02-ГЫУШУ-2025,NO,Prepaid,Invoice,,,142,EGP,7,1,1,,0.00,No
69VED3RS,6222040389868,1100530112,B09X5SF92J,,"Junior Printed Short sleeve Kimono, White, 12 Months",EGP 78.95,35%,51.32,3,,3,0,0,03-ГЫУШУ-2025,14-ГЫУШУ-2025,Delivery,03-ГЫУШУ-2025,AC - Accepted: In stock,,399U9,SPX5,,Unconfirmed,02-ГЫУШУ-2025,NO,Prepaid,Invoice,,,142,EGP,7,1,1,,0.00,No
69VED3RS,6222040347202,322110443118,B09YCXYBJB,,"Junior Sweat Short, White, 18 Months, baby-girls",EGP 165.79,35%,107.76,2,,2,0,0,03-ГЫУШУ-2025,14-ГЫУШУ-2025,Delivery,03-ГЫУШУ-2025,AC - Accepted: In stock,,399U9,SPX5,,Unconfirmed,02-ГЫУШУ-2025,NO,Prepaid,Invoice,,,142,EGP,7,1,1,,0.00,No
69VED3RS,6222040384283,1200344012,B0B5515XX8,,"Junior Long sleeve Flannel, White, 12 Years",EGP 336.85,35%,218.95,2,,2,0,0,03-ГЫУШУ-2025,14-ГЫУШУ-2025,Delivery,03-ГЫУШУ-2025,AC - Accepted: In stock,,399U9,SPX5,,Unconfirmed,02-ГЫУШУ-2025,NO,Prepaid,Invoice,,,142,EGP,7,1,1,,0.00,No
69VED3RS,6222040381343,1300147010,B0B5519V2X,,"Junior Sleeveless Flannel, White, 10 Years",EGP 61.41,35%,39.91,6,,6,0,0,03-ГЫУШУ-2025,14-ГЫУШУ-2025,Delivery,03-ГЫУШУ-2025,AC - Accepted: In stock,,399U9,SPX5,,Unconfirmed,02-ГЫУШУ-2025,NO,Prepaid,Invoice,,,142,EGP,7,1,1,,0.00,No
69VED3RS,6222040384405,1300347104,B0B553V4HF,,"Junior Long sleeve Flannel, Multicolors, 4 Years",EGP 61.40,35%,39.91,20,,20,0,0,03-ГЫУШУ-2025,14-ГЫУШУ-2025,Delivery,03-ГЫУШУ-2025,AC - Accepted: In stock,,399U9,SPX5,,Unconfirmed,02-ГЫУШУ-2025,NO,Prepaid,Invoice,,,142,EGP,7,1,1,,0.00,No
69VED3RS,6221319133454,2123123012,B0BZDJTCRR,,,EGP 189.00,35%,122.59,2,,2,0,0,03-ГЫУШУ-2025,14-ГЫУШУ-2025,Delivery,03-ГЫУШУ-2025,AC - Accepted: In stock,,399U9,SPX5,,Unconfirmed,02-ГЫУШУ-2025,NO,Prepaid,Invoice,,,142,EGP,7,1,1,,0.00,No
69VED3RS,6221319132129,2123181818,B0BZDK8FGC,,,EGP 246.00,35%,159.65,3,,3,0,0,03-ГЫУШУ-2025,14-ГЫУШУ-2025,Delivery,03-ГЫУШУ-2025,AC - Accepted: In stock,,399U9,SPX5,,Unconfirmed,02-ГЫУШУ-2025,NO,Prepaid,Invoice,,,142,EGP,7,1,1,,0.00,No
69VED3RS,6221319127880,2123341603,B0BZDM4WQ3,,,EGP 280.70,35%,182.46,3,,3,0,0,03-ГЫУШУ-2025,14-ГЫУШУ-2025,Delivery,03-ГЫУШУ-2025,AC - Accepted: In stock,,399U9,SPX5,,Unconfirmed,02-ГЫУШУ-2025,NO,Prepaid,Invoice,,,142,EGP,7,1,1,,0.00,No
69VED3RS,6221319133775,2123123206,B0BZDMHWKC,,,EGP 228.07,35%,148.25,3,,3,0,0,03-ГЫУШУ-2025,14-ГЫУШУ-2025,Delivery,03-ГЫУШУ-2025,AC - Accepted: In stock,,399U9,SPX5,,Unconfirmed,02-ГЫУШУ-2025,NO,Prepaid,Invoice,,,142,EGP,7,1,1,,0.00,No
69VED3RS,6221319176369,2223174512,B0CK78DNTX,,"Junior Baby Girls High Quality Cotton and comfy Booties BODY ROSE 12, 3 Months",EGP 144.74,35%,94.08,7,,7,0,0,03-ГЫУШУ-2025,14-ГЫУШУ-2025,Delivery,03-ГЫУШУ-2025,AC - Accepted: In stock,,399U9,SPX5,,Unconfirmed,02-ГЫУШУ-2025,NO,Prepaid,Invoice,,,142,EGP,7,1,1,,0.00,No
69VED3RS,6221319191126,2223180409,B0CK7B83YJ,,"Junior Baby Girls High Quality Cotton and comfy Printed Bodysuit & Zip up Hoodie with Printed Pants, PINK/OFF WHITE, 9 Months",EGP 526.32,35%,342.11,2,,2,0,0,03-ГЫУШУ-2025,14-ГЫУШУ-2025,Delivery,03-ГЫУШУ-2025,AC - Accepted: In stock,,399U9,SPX5,,Unconfirmed,02-ГЫУШУ-2025,NO,Prepaid,Invoice,,,142,EGP,7,1,1,,0.00,No
69VED3RS,6221319205762,323210530524,B0CN5LCSF9,,"Junior Baby Girl Sweat Shirt, Yellow, 24 Months",EGP 245.61,35%,159.65,3,,3,0,0,03-ГЫУШУ-2025,14-ГЫУШУ-2025,Delivery,03-ГЫУШУ-2025,AC - Accepted: In stock,,399U9,SPX5,,Unconfirmed,02-ГЫУШУ-2025,NO,Prepaid,Invoice,,,142,EGP,7,1,1,,0.00,No
69VED3RS,6221319169439,323210343209,B0CN5M2C9C,,"Junior Baby Girl Sweat Pant, Multicolore, 9 Months",EGP 285.09,35%,185.31,1,,1,0,0,03-ГЫУШУ-2025,14-ГЫУШУ-2025,Delivery,03-ГЫУШУ-2025,AC - Accepted: In stock,,399U9,SPX5,,Unconfirmed,02-ГЫУШУ-2025,NO,Prepaid,Invoice,,,142,EGP,7,1,1,,0.00,No
69VED3RS,6221319169590,323210521236,B0CN5MRBPD,,"Junior Baby Girl Full Zipper Hoodies, Multicolore, 36 Months",EGP 346.49,35%,225.22,3,,3,0,0,03-ГЫУШУ-2025,14-ГЫУШУ-2025,Delivery,03-ГЫУШУ-2025,AC - Accepted: In stock,,399U9,SPX5,,Unconfirmed,02-ГЫУШУ-2025,NO,Prepaid,Invoice,,,142,EGP,7,1,1,,0.00,No
69VED3RS,6221319204161,323211630206,B0CQK8XP61,,"Junior Baby Boys Round Sweatshirt, Blue, 6 Months",EGP 302.63,35%,196.71,1,,1,0,0,03-ГЫУШУ-2025,14-ГЫУШУ-2025,Delivery,03-ГЫУШУ-2025,AC - Accepted: In stock,,399U9,SPX5,,Unconfirmed,02-ГЫУШУ-2025,NO,Prepaid,Invoice,,,142,EGP,7,1,1,,0.00,No
69VED3RS,6221319201979,323229921204,B0CQK9Z2SX,,"Junior Boys Denim Jacket, Multicolor, 4 Years",EGP 745.61,35%,484.65,1,,1,0,0,03-ГЫУШУ-2025,14-ГЫУШУ-2025,Delivery,03-ГЫУШУ-2025,AC - Accepted: In stock,,399U9,SPX5,,Unconfirmed,02-ГЫУШУ-2025,NO,Prepaid,Invoice,,,142,EGP,7,1,1,,0.00,No
69VED3RS,6221319196916,323219943212,B0CQKB9185,,"Junior Baby Boys Sweat Pant, Red, 12 Months",EGP 285.09,35%,185.31,1,,1,0,0,03-ГЫУШУ-2025,14-ГЫУШУ-2025,Delivery,03-ГЫУШУ-2025,AC - Accepted: In stock,,399U9,SPX5,,Unconfirmed,02-ГЫУШУ-2025,NO,Prepaid,Invoice,,,142,EGP,7,1,1,,0.00,No
69VED3RS,6221319202785,323219921318,B0CQKBBL92,,"Junior Baby Boys Denim Jacket, Multicolor, 18 Months",EGP 657.89,35%,427.63,1,,1,0,0,03-ГЫУШУ-2025,14-ГЫУШУ-2025,Delivery,03-ГЫУШУ-2025,AC - Accepted: In stock,,399U9,SPX5,,Unconfirmed,02-ГЫУШУ-2025,NO,Prepaid,Invoice,,,142,EGP,7,1,1,,0.00,No
69VED3RS,6221319204826,323229920704,B0CQKBJK7N,,"Junior Boys Padded Jacket, Multicolor, 4 Years",EGP 763.16,35%,496.05,1,,1,0,0,03-ГЫУШУ-2025,14-ГЫУШУ-2025,Delivery,03-ГЫУШУ-2025,AC - Accepted: In stock,,399U9,SPX5,,Unconfirmed,02-ГЫУШУ-2025,NO,Prepaid,Invoice,,,142,EGP,7,1,1,,0.00,No
69VED3RS,6221319208800,323221231104,B0CQKBJP5J,,"Junior Boys Sweatshirt Hoodie, Yellow, 4 Years",EGP 482.46,35%,313.6,2,,2,0,0,03-ГЫУШУ-2025,14-ГЫУШУ-2025,Delivery,03-ГЫУШУ-2025,AC - Accepted: In stock,,399U9,SPX5,,Unconfirmed,02-ГЫУШУ-2025,NO,Prepaid,Invoice,,,142,EGP,7,1,1,,0.00,No
69VED3RS,6221319204147,323211631124,B0CQKBMX15,,"Junior Baby Boys Hoodie, Blue, 24 Months",EGP 372.81,35%,242.32,2,,2,0,0,03-ГЫУШУ-2025,14-ГЫУШУ-2025,Delivery,03-ГЫУШУ-2025,AC - Accepted: In stock,,399U9,SPX5,,Unconfirmed,02-ГЫУШУ-2025,NO,Prepaid,Invoice,,,142,EGP,7,1,1,,0.00,No
69VED3RS,6221319202945,323211131109,B0CQKBPXNK,,"Junior Baby Boys Hoodie, Multicolor, 9 Months",EGP 346.49,35%,225.22,2,,2,0,0,03-ГЫУШУ-2025,14-ГЫУШУ-2025,Delivery,03-ГЫУШУ-2025,AC - Accepted: In stock,,399U9,SPX5,,Unconfirmed,02-ГЫУШУ-2025,NO,Prepaid,Invoice,,,142,EGP,7,1,1,,0.00,No
69VED3RS,6221319197487,323221431414,B0CQKBTFBQ,,"Junior Boys Hoodie, Dark Grey, 14 Years",EGP 460.53,35%,299.34,1,,1,0,0,03-ГЫУШУ-2025,14-ГЫУШУ-2025,Delivery,03-ГЫУШУ-2025,AC - Accepted: In stock,,399U9,SPX5,,Unconfirmed,02-ГЫУШУ-2025,NO,Prepaid,Invoice,,,142,EGP,7,1,1,,0.00,No
69VED3RS,6221319196749,323211521118,B0CQKC3HBG,,"Junior Baby Boys Full Zipper Hoodie, Blue, 18 Months",EGP 346.49,35%,225.22,3,,3,0,0,03-ГЫУШУ-2025,14-ГЫУШУ-2025,Delivery,03-ГЫУШУ-2025,AC - Accepted: In stock,,399U9,SPX5,,Unconfirmed,02-ГЫУШУ-2025,NO,Prepaid,Invoice,,,142,EGP,7,1,1,,0.00,No
69VED3RS,6221319208350,323221131112,B0CQKC3P69,,"Junior Boys Round Sweatshirt, Multicolor, 12 Years",EGP 548.25,35%,356.36,1,,1,0,0,03-ГЫУШУ-2025,14-ГЫУШУ-2025,Delivery,03-ГЫУШУ-2025,AC - Accepted: In stock,,399U9,SPX5,,Unconfirmed,02-ГЫУШУ-2025,NO,Prepaid,Invoice,,,142,EGP,7,1,1,,0.00,No
69VED3RS,6221319208275,323221131104,B0CQKCCKHR,,"Junior Boys Round Sweatshirt, Multicolor, 4 Years",EGP 548.25,35%,356.36,1,,1,0,0,03-ГЫУШУ-2025,14-ГЫУШУ-2025,Delivery,03-ГЫУШУ-2025,AC - Accepted: In stock,,399U9,SPX5,,Unconfirmed,02-ГЫУШУ-2025,NO,Prepaid,Invoice,,,142,EGP,7,1,1,,0.00,No
69VED3RS,6221319210681,323211578109,B0CQKCM55X,,"Junior Baby Boys Puffer Romber, Grey, 9 Months",EGP 850.00,40%,507.46,2,,2,0,0,03-ГЫУШУ-2025,14-ГЫУШУ-2025,Delivery,03-ГЫУШУ-2025,AC - Accepted: In stock,,399U9,SPX5,,Unconfirmed,02-ГЫУШУ-2025,NO,Prepaid,Invoice,,,142,EGP,7,1,1,,0.00,No
69VED3RS,6221319197739,323211531106,B0CQKCSDLJ,,"Junior Baby Boys Hoodie, Multicolor, 6 Months",EGP 328.95,35%,213.82,1,,1,0,0,03-ГЫУШУ-2025,14-ГЫУШУ-2025,Delivery,03-ГЫУШУ-2025,AC - Accepted: In stock,,399U9,SPX5,,Unconfirmed,02-ГЫУШУ-2025,NO,Prepaid,Invoice,,,142,EGP,7,1,1,,0.00,No
69VED3RS,6221319205083,323220860208,B0CQKD12LW,,"Junior Girls Dress, Multicolor, 8 Years",EGP 697.37,35%,453.29,1,,1,0,0,03-ГЫУШУ-2025,14-ГЫУШУ-2025,Delivery,03-ГЫУШУ-2025,AC - Accepted: In stock,,399U9,SPX5,,Unconfirmed,02-ГЫУШУ-2025,NO,Prepaid,Invoice,,,142,EGP,7,1,1,,0.00,No
69VED3RS,6221319201580,323229920110,B0CQKDPKFJ,,"Junior Boys Denim Jacket, Multicolor, 10 Years",EGP 745.61,35%,484.65,2,,2,0,0,03-ГЫУШУ-2025,14-ГЫУШУ-2025,Delivery,03-ГЫУШУ-2025,AC - Accepted: In stock,,399U9,SPX5,,Unconfirmed,02-ГЫУШУ-2025,NO,Prepaid,Invoice,,,142,EGP,7,1,1,,0.00,No
69VED3RS,6221319204581,323211630106,B0CQKDXYZB,,"Junior Baby Boys Round Sweatshirt, Off White, 6 Months",EGP 258.77,35%,168.2,1,,1,0,0,03-ГЫУШУ-2025,14-ГЫУШУ-2025,Delivery,03-ГЫУШУ-2025,AC - Accepted: In stock,,399U9,SPX5,,Unconfirmed,02-ГЫУШУ-2025,NO,Prepaid,Invoice,,,142,EGP,7,1,1,,0.00,No
69VED3RS,6221319059754,1103140236,B0CRPPNBG8,,"Junior Baby Flannel, Rose, 36 Months",EGP 61.41,35%,39.91,4,,4,0,0,03-ГЫУШУ-2025,14-ГЫУШУ-2025,Delivery,03-ГЫУШУ-2025,AC - Accepted: In stock,,399U9,SPX5,,Unconfirmed,02-ГЫУШУ-2025,NO,Prepaid,Invoice,,,142,EGP,7,1,1,,0.00,No
69VED3RS,6221319105659,1303247112,B0CRPPSQX7,,"Junior Kids Flannel, Rose, 12 Years",EGP 86.85,44%,48.46,4,,4,0,0,03-ГЫУШУ-2025,14-ГЫУШУ-2025,Delivery,03-ГЫУШУ-2025,AC - Accepted: In stock,,399U9,SPX5,,Unconfirmed,02-ГЫУШУ-2025,NO,Prepaid,Invoice,,,142,EGP,7,1,1,,0.00,No
69VED3RS,6221319075877,1202171208,B0CRPPZ8Q9,,"Junior Kids Underwear Set, L.Blue, 8 Years",EGP 140.36,35%,91.23,7,,7,0,0,03-ГЫУШУ-2025,14-ГЫУШУ-2025,Delivery,03-ГЫУШУ-2025,AC - Accepted: In stock,,399U9,SPX5,,Unconfirmed,02-ГЫУШУ-2025,NO,Prepaid,Invoice,,,142,EGP,7,1,1,,0.00,No
69VED3RS,6221319120904,1158721309,B0CRPQ2YZ1,,"Junior Baby Bodysuit, Multicolor, 9 Months",EGP 262.29,42%,151.1,30,,30,0,0,03-ГЫУШУ-2025,14-ГЫУШУ-2025,Delivery,03-ГЫУШУ-2025,AC - Accepted: In stock,,399U9,SPX5,,Unconfirmed,02-ГЫУШУ-2025,NO,Prepaid,Invoice,,,142,EGP,7,1,1,,0.00,No
69VED3RS,6222040388564,1302477016,B0CRPQ6K49,,"Junior Girls Thermal set, Yellow, 16 Years",EGP 298.25,35%,193.86,2,,2,0,0,03-ГЫУШУ-2025,14-ГЫУШУ-2025,Delivery,03-ГЫУШУ-2025,AC - Accepted: In stock,,399U9,SPX5,,Unconfirmed,02-ГЫУШУ-2025,NO,Prepaid,Invoice,,,142,EGP,7,1,1,,0.00,No
69VED3RS,6221319067674,1321055906,B0CRPQDCGJ,,"Junior Kids Lycra Short, Grey, 6 Years",EGP 70.18,35%,45.61,2,,2,0,0,03-ГЫУШУ-2025,14-ГЫУШУ-2025,Delivery,03-ГЫУШУ-2025,AC - Accepted: In stock,,399U9,SPX5,,Unconfirmed,02-ГЫУШУ-2025,NO,Prepaid,Invoice,,,142,EGP,7,1,1,,0.00,No
69VED3RS,6221319069920,1149621306,B0CRPQFZMK,,"Junior Baby Bodysuit, Multicolor, 6 Months",EGP 250.00,35%,162.5,12,,12,0,0,03-ГЫУШУ-2025,14-ГЫУШУ-2025,Delivery,03-ГЫУШУ-2025,AC - Accepted: In stock,,399U9,SPX5,,Unconfirmed,02-ГЫУШУ-2025,NO,Prepaid,Invoice,,,142,EGP,7,1,1,,0.00,No
69VED3RS,6221319074511,1305174406,B0CRPQHHGY,,"Junior Girls Underwear Set, Yellow, 6 Years",EGP 100.88,35%,65.57,6,,6,0,0,03-ГЫУШУ-2025,14-ГЫУШУ-2025,Delivery,03-ГЫУШУ-2025,AC - Accepted: In stock,,399U9,SPX5,,Unconfirmed,02-ГЫУШУ-2025,NO,Prepaid,Invoice,,,142,EGP,7,1,1,,0.00,No
69VED3RS,6222040384382,1300347016,B0CRPQHQ9D,,"Junior Kids Flannel, White, 16 Years",EGP 165.79,37%,104.91,2,,2,0,0,03-ГЫУШУ-2025,14-ГЫУШУ-2025,Delivery,03-ГЫУШУ-2025,AC - Accepted: In stock,,399U9,SPX5,,Unconfirmed,02-ГЫУШУ-2025,NO,Prepaid,Invoice,,,142,EGP,7,1,1,,0.00,No
69VED3RS,6222040385587,4219010412,B0CRPQJRV5,,"Junior Girls Half Coal, Body Rose, 12 Years",EGP 131.58,35%,85.53,6,,6,0,0,03-ГЫУШУ-2025,14-ГЫУШУ-2025,Delivery,03-ГЫУШУ-2025,AC - Accepted: In stock,,399U9,SPX5,,Unconfirmed,02-ГЫУШУ-2025,NO,Prepaid,Invoice,,,142,EGP,7,1,1,,0.00,No
69VED3RS,6221319077024,1105050412,B0CRPQKF9G,,"Junior Baby Girl Panty, Yellow, 12 Months",EGP 48.25,35%,31.36,3,,3,0,0,03-ГЫУШУ-2025,14-ГЫУШУ-2025,Delivery,03-ГЫУШУ-2025,AC - Accepted: In stock,,399U9,SPX5,,Unconfirmed,02-ГЫУШУ-2025,NO,Prepaid,Invoice,,,142,EGP,7,1,1,,0.00,No
69VED3RS,6221319077086,1113050412,B0CRPQKH4R,,"Junior Baby Girl Panty, Body Rose, 12 Months",EGP 48.25,35%,31.36,11,,11,0,0,03-ГЫУШУ-2025,14-ГЫУШУ-2025,Delivery,03-ГЫУШУ-2025,AC - Accepted: In stock,,399U9,SPX5,,Unconfirmed,02-ГЫУШУ-2025,NO,Prepaid,Invoice,,,142,EGP,7,1,1,,0.00,No
69VED3RS,6222040385242,4208010408,B0CRPQN41C,,"Junior Kids Half Coal, L.Blue, 8 Years",EGP 130.71,43%,74.12,6,,6,0,0,03-ГЫУШУ-2025,14-ГЫУШУ-2025,Delivery,03-ГЫУШУ-2025,AC - Accepted: In stock,,399U9,SPX5,,Unconfirmed,02-ГЫУШУ-2025,NO,Prepaid,Invoice,,,142,EGP,7,1,1,,0.00,No
69VED3RS,6221319067452,1307055904,B0CRPQS4TX,,"Junior Kids Lycra Short, Pistage, 4 Years",EGP 69.30,47%,37.06,6,,6,0,0,03-ГЫУШУ-2025,14-ГЫУШУ-2025,Delivery,03-ГЫУШУ-2025,AC - Accepted: In stock,,399U9,SPX5,,Unconfirmed,02-ГЫУШУ-2025,NO,Prepaid,Invoice,,,142,EGP,7,1,1,,0.00,No
69VED3RS,6222040390888,1200060008,B0CRPQTHCZ,,"Junior Boys Slip, White, 8 Years",EGP 109.65,35%,71.27,2,,2,0,0,03-ГЫУШУ-2025,14-ГЫУШУ-2025,Delivery,03-ГЫУШУ-2025,AC - Accepted: In stock,,399U9,SPX5,,Unconfirmed,02-ГЫУШУ-2025,NO,Prepaid,Invoice,,,142,EGP,7,1,1,,0.00,No
69VED3RS,6221319149356,1160721306,B0CRPQTMR3,,"Junior Baby Bodysuit, Multicolor, 6 Months",EGP 232.46,35%,151.1,54,,54,0,0,03-ГЫУШУ-2025,14-ГЫУШУ-2025,Delivery,03-ГЫУШУ-2025,AC - Accepted: In stock,,399U9,SPX5,,Unconfirmed,02-ГЫУШУ-2025,NO,Prepaid,Invoice,,,142,EGP,7,1,1,,0.00,No
69VED3RS,6221319073491,1224271812,B0CRPQX9JC,,"Junior Boys Underwear Set, Olive, 12 Years",EGP 148.25,38%,91.23,6,,6,0,0,03-ГЫУШУ-2025,14-ГЫУШУ-2025,Delivery,03-ГЫУШУ-2025,AC - Accepted: In stock,,399U9,SPX5,,Unconfirmed,02-ГЫУШУ-2025,NO,Prepaid,Invoice,,,142,EGP,7,1,1,,0.00,No
69VED3RS,6221319076119,1228171208,B0CRPQXP6R,,"Junior Kids Underwear Set, Navy Red, 8 Years",EGP 139.48,35%,91.23,7,,7,0,0,03-ГЫУШУ-2025,14-ГЫУШУ-2025,Delivery,03-ГЫУШУ-2025,AC - Accepted: In stock,,399U9,SPX5,,Unconfirmed,02-ГЫУШУ-2025,NO,Prepaid,Invoice,,,142,EGP,7,1,1,,0.00,No
69VED3RS,6221319105932,1313247104,B0CRPQYSR1,,"Junior Kids Flannel, Body Rose, 4 Years",EGP 78.08,38%,48.46,2,,2,0,0,03-ГЫУШУ-2025,14-ГЫУШУ-2025,Delivery,03-ГЫУШУ-2025,AC - Accepted: In stock,,399U9,SPX5,,Unconfirmed,02-ГЫУШУ-2025,NO,Prepaid,Invoice,,,142,EGP,7,1,1,,0.00,No
69VED3RS,6221319076096,1228171204,B0CRPRBWMT,,"Junior Kids Underwear Set, Navy Red, 4 Years",EGP 140.36,35%,91.23,2,,2,0,0,03-ГЫУШУ-2025,14-ГЫУШУ-2025,Delivery,03-ГЫУШУ-2025,AC - Accepted: In stock,,399U9,SPX5,,Unconfirmed,02-ГЫУШУ-2025,NO,Prepaid,Invoice,,,142,EGP,7,1,1,,0.00,No
69VED3RS,6221319108735,1153721306,B0CRPRC2F2,,"Junior Baby Bodysuit, Multicolor, 6 Months",EGP 232.46,35%,151.1,29,,29,0,0,03-ГЫУШУ-2025,14-ГЫУШУ-2025,Delivery,03-ГЫУШУ-2025,AC - Accepted: In stock,,399U9,SPX5,,Unconfirmed,02-ГЫУШУ-2025,NO,Prepaid,Invoice,,,142,EGP,7,1,1,,0.00,No
69VED3RS,6221319076126,1228171210,B0CRPRC2FD,,"Junior Kids Underwear Set, Navy Red, 10 Years",EGP 139.48,35%,91.23,1,,1,0,0,03-ГЫУШУ-2025,14-ГЫУШУ-2025,Delivery,03-ГЫУШУ-2025,AC - Accepted: In stock,,399U9,SPX5,,Unconfirmed,02-ГЫУШУ-2025,NO,Prepaid,Invoice,,,142,EGP,7,1,1,,0.00,No
69VED3RS,6222040393643,1101740403,B0CRPRCMB2,,"Junior Baby Boy Flannel Set, Multicolor, 3 Months",EGP 175.44,35%,114.04,12,,12,0,0,03-ГЫУШУ-2025,14-ГЫУШУ-2025,Delivery,03-ГЫУШУ-2025,AC - Accepted: In stock,,399U9,SPX5,,Unconfirmed,02-ГЫУШУ-2025,NO,Prepaid,Invoice,,,142,EGP,7,1,1,,0.00,No
69VED3RS,6221319105741,1305247114,B0CRPRFM34,,"Junior Kids Flannel, Yellow, 14 Years",EGP 78.08,38%,48.46,4,,4,0,0,03-ГЫУШУ-2025,14-ГЫУШУ-2025,Delivery,03-ГЫУШУ-2025,AC - Accepted: In stock,,399U9,SPX5,,Unconfirmed,02-ГЫУШУ-2025,NO,Prepaid,Invoice,,,142,EGP,7,1,1,,0.00,No
69VED3RS,6221319059631,1102140206,B0CRPRH2NW,,"Junior Baby Flannel, L.Blue, 6 Months",EGP 60.53,34%,39.91,4,,4,0,0,03-ГЫУШУ-2025,14-ГЫУШУ-2025,Delivery,03-ГЫУШУ-2025,AC - Accepted: In stock,,399U9,SPX5,,Unconfirmed,02-ГЫУШУ-2025,NO,Prepaid,Invoice,,,142,EGP,7,1,1,,0.00,No
69VED3RS,6221319067551,1319055910,B0CRPRH3FC,,"Junior Kids Lycra Short, Aqua, 10 Years",EGP 69.30,38%,42.76,16,,16,0,0,03-ГЫУШУ-2025,14-ГЫУШУ-2025,Delivery,03-ГЫУШУ-2025,AC - Accepted: In stock,,399U9,SPX5,,Unconfirmed,02-ГЫУШУ-2025,NO,Prepaid,Invoice,,,142,EGP,7,1,1,,0.00,No
69VED3RS,6221319059662,1102140218,B0CRPRHM8T,,"Junior Baby Flannel, L.Blue, 18 Months",EGP 61.41,35%,39.91,14,,14,0,0,03-ГЫУШУ-2025,14-ГЫУШУ-2025,Delivery,03-ГЫУШУ-2025,AC - Accepted: In stock,,399U9,SPX5,,Unconfirmed,02-ГЫУШУ-2025,NO,Prepaid,Invoice,,,142,EGP,7,1,1,,0.00,No
69VED3RS,6221319076966,1103050412,B0CRPRHMPF,,"Junior Baby Girl Panty, Rose, 12 Months",EGP 48.25,35%,31.36,10,,10,0,0,03-ГЫУШУ-2025,14-ГЫУШУ-2025,Delivery,03-ГЫУШУ-2025,AC - Accepted: In stock,,399U9,SPX5,,Unconfirmed,02-ГЫУШУ-2025,NO,Prepaid,Invoice,,,142,EGP,7,1,1,,0.00,No
69VED3RS,6221319076874,1102050403,B0CRPRHVFD,,"Junior Baby Girl Panty, L.Blue, 3 Months",EGP 51.76,39%,31.36,1,,1,0,0,03-ГЫУШУ-2025,14-ГЫУШУ-2025,Delivery,03-ГЫУШУ-2025,AC - Accepted: In stock,,399U9,SPX5,,Unconfirmed,02-ГЫУШУ-2025,NO,Prepaid,Invoice,,,142,EGP,7,1,1,,0.00,No
69VED3RS,6221319077109,1113050424,B0CRPRJKSM,,"Junior Baby Girl Panty, Body Rose, 24 Months",EGP 48.25,35%,31.36,24,,24,0,0,03-ГЫУШУ-2025,14-ГЫУШУ-2025,Delivery,03-ГЫУШУ-2025,AC - Accepted: In stock,,399U9,SPX5,,Unconfirmed,02-ГЫУШУ-2025,NO,Prepaid,Invoice,,,142,EGP,7,1,1,,0.00,No
69VED3RS,6222040381015,1200144006,B0CRPRMT86,,"Junior Kids Flannel, White, 6 Years",EGP 61.41,35%,39.91,3,,3,0,0,03-ГЫУШУ-2025,14-ГЫУШУ-2025,Delivery,03-ГЫУШУ-2025,AC - Accepted: In stock,,399U9,SPX5,,Unconfirmed,02-ГЫУШУ-2025,NO,Prepaid,Invoice,,,142,EGP,7,1,1,,0.00,No
69VED3RS,6221319059686,1102140236,B0CRPRNQXK,,"Junior Baby Flannel, L.Blue, 36 Months",EGP 61.41,35%,39.91,7,,7,0,0,03-ГЫУШУ-2025,14-ГЫУШУ-2025,Delivery,03-ГЫУШУ-2025,AC - Accepted: In stock,,399U9,SPX5,,Unconfirmed,02-ГЫУШУ-2025,NO,Prepaid,Invoice,,,142,EGP,7,1,1,,0.00,No
69VED3RS,6221319106076,1319247116,B0CRPRQ67V,,"Junior Kids Flannel, Aqua, 16 Years",EGP 78.08,38%,48.46,13,,13,0,0,03-ГЫУШУ-2025,14-ГЫУШУ-2025,Delivery,03-ГЫУШУ-2025,AC - Accepted: In stock,,399U9,SPX5,,Unconfirmed,02-ГЫУШУ-2025,NO,Prepaid,Invoice,,,142,EGP,7,1,1,,0.00,No
69VED3RS,6221319066608,1301055014,B0CRPRQG3S,,"Junior Girls Panty, Multicolor, 14 Years",EGP 153.51,35%,99.78,6,,6,0,0,03-ГЫУШУ-2025,14-ГЫУШУ-2025,Delivery,03-ГЫУШУ-2025,AC - Accepted: In stock,,399U9,SPX5,,Unconfirmed,02-ГЫУШУ-2025,NO,Prepaid,Invoice,,,142,EGP,7,1,1,,0.00,No
69VED3RS,6221319069845,1148621303,B0CRPRRBK5,,"Junior Baby Bodysuit, Multicolor, 3 Months",EGP 258.78,37%,162.5,10,,10,0,0,03-ГЫУШУ-2025,14-ГЫУШУ-2025,Delivery,03-ГЫУШУ-2025,AC - Accepted: In stock,,399U9,SPX5,,Unconfirmed,02-ГЫУШУ-2025,NO,Prepaid,Invoice,,,142,EGP,7,1,1,,0.00,No
69VED3RS,6221319105994,1313247116,B0CRPRRSG6,,"Junior Kids Flannel, Body Rose, 16 Years",EGP 78.08,38%,48.46,2,,2,0,0,03-ГЫУШУ-2025,14-ГЫУШУ-2025,Delivery,03-ГЫУШУ-2025,AC - Accepted: In stock,,399U9,SPX5,,Unconfirmed,02-ГЫУШУ-2025,NO,Prepaid,Invoice,,,142,EGP,7,1,1,,0.00,No
69VED3RS,6222040393766,1102740424,B0CRPRSRLN,,"Junior Baby Girl Flannel Set, Multicolor, 24 Months",EGP 175.44,35%,114.04,8,,8,0,0,03-ГЫУШУ-2025,14-ГЫУШУ-2025,Delivery,03-ГЫУШУ-2025,AC - Accepted: In stock,,399U9,SPX5,,Unconfirmed,02-ГЫУШУ-2025,NO,Prepaid,Invoice,,,142,EGP,7,1,1,,0.00,No
69VED3RS,6221319090122,1129521303,B0CRPRSRM7,,"Junior Baby Bodysuit, Multicolor, 3 Months",EGP 241.23,35%,156.8,6,,6,0,0,03-ГЫУШУ-2025,14-ГЫУШУ-2025,Delivery,03-ГЫУШУ-2025,AC - Accepted: In stock,,399U9,SPX5,,Unconfirmed,02-ГЫУШУ-2025,NO,Prepaid,Invoice,,,142,EGP,7,1,1,,0.00,No
69VED3RS,6221319086743,1114720124,B0CRPRTJ8K,,"Junior Baby Girl Bodysuit, Apple, 24 Months",EGP 83.34,35%,54.17,2,,2,0,0,03-ГЫУШУ-2025,14-ГЫУШУ-2025,Delivery,03-ГЫУШУ-2025,AC - Accepted: In stock,,399U9,SPX5,,Unconfirmed,02-ГЫУШУ-2025,NO,Prepaid,Invoice,,,142,EGP,7,1,1,,0.00,No
69VED3RS,6222040393759,1102740418,B0CRPRWY72,,"Junior Baby Girl Flannel Set, Multicolor, 18 Months",EGP 175.44,35%,114.04,5,,5,0,0,03-ГЫУШУ-2025,14-ГЫУШУ-2025,Delivery,03-ГЫУШУ-2025,AC - Accepted: In stock,,399U9,SPX5,,Unconfirmed,02-ГЫУШУ-2025,NO,Prepaid,Invoice,,,142,EGP,7,1,1,,0.00,No
69VED3RS,6221319089447,1121521306,B0CRPRWY8C,,"Junior Baby Boy Bodysuit, Multicolor, 6 Months",EGP 241.23,35%,156.8,9,,9,0,0,03-ГЫУШУ-2025,14-ГЫУШУ-2025,Delivery,03-ГЫУШУ-2025,AC - Accepted: In stock,,399U9,SPX5,,Unconfirmed,02-ГЫУШУ-2025,NO,Prepaid,Invoice,,,142,EGP,7,1,1,,0.00,No
69VED3RS,6221319066127,1320248616,B0CRPRX2DX,,"Junior Girls Flannel, Fushia, 16 Years",EGP 78.95,35%,51.32,4,,4,0,0,03-ГЫУШУ-2025,14-ГЫУШУ-2025,Delivery,03-ГЫУШУ-2025,AC - Accepted: In stock,,399U9,SPX5,,Unconfirmed,02-ГЫУШУ-2025,NO,Prepaid,Invoice,,,142,EGP,7,1,1,,0.00,No
69VED3RS,6221319076188,1230171206,B0CRPRZPP1,,"Junior Kids Underwear Set, Silver, 6 Years",EGP 140.36,35%,91.23,6,,6,0,0,03-ГЫУШУ-2025,14-ГЫУШУ-2025,Delivery,03-ГЫУШУ-2025,AC - Accepted: In stock,,399U9,SPX5,,Unconfirmed,02-ГЫУШУ-2025,NO,Prepaid,Invoice,,,142,EGP,7,1,1,,0.00,No
69VED3RS,6222040388793,1306477006,B0CRPSLC6D,,"Junior Girls Thermal set, Turqouise, 6 Years",EGP 297.37,42%,171.05,1,,1,0,0,03-ГЫУШУ-2025,14-ГЫУШУ-2025,Delivery,03-ГЫУШУ-2025,AC - Accepted: In stock,,399U9,SPX5,,Unconfirmed,02-ГЫУШУ-2025,NO,Prepaid,Invoice,,,142,EGP,7,1,1,,0.00,No
69VED3RS,6222040392158,1100630403,B0CRPSNL21,,"Junior Baby Kimono, White, 3 Months",EGP 87.72,35%,57.02,2,,2,0,0,03-ГЫУШУ-2025,14-ГЫУШУ-2025,Delivery,03-ГЫУШУ-2025,AC - Accepted: In stock,,399U9,SPX5,,Unconfirmed,02-ГЫУШУ-2025,NO,Prepaid,Invoice,,,142,EGP,7,1,1,,0.00,No
69VED3RS,6221319089560,1122521303,B0CRPT5XP4,,"Junior Baby Boy Bodysuit, Multicolor, 3 Months",EGP 241.23,35%,156.8,8,,8,0,0,03-ГЫУШУ-2025,14-ГЫУШУ-2025,Delivery,03-ГЫУШУ-2025,AC - Accepted: In stock,,399U9,SPX5,,Unconfirmed,02-ГЫУШУ-2025,NO,Prepaid,Invoice,,,142,EGP,7,1,1,,0.00,No
69VED3RS,6221319112268,1233244104,B0CRRVGJFV,,"Junior Boys Flannel, Indego, 4 Years",EGP 74.57,35%,48.46,7,,7,0,0,03-ГЫУШУ-2025,14-ГЫУШУ-2025,Delivery,03-ГЫУШУ-2025,AC - Accepted: In stock,,399U9,SPX5,,Unconfirmed,02-ГЫУШУ-2025,NO,Prepaid,Invoice,,,142,EGP,7,1,1,,0.00,No
69VED3RS,6221319222684,323221830308,B0CV5Q9Y4W,,"Junior Boys Round Sweat Shirt,Blue,8 Years",EGP 460.53,35%,299.34,1,,1,0,0,03-ГЫУШУ-2025,14-ГЫУШУ-2025,Delivery,03-ГЫУШУ-2025,AC - Accepted: In stock,,399U9,SPX5,,Unconfirmed,02-ГЫУШУ-2025,NO,Prepaid,Invoice,,,142,EGP,7,1,1,,0.00,No
69VED3RS,6221319203003,323211430209,B0CV5RHB6S,,"Junior Baby Boys Round Sweat Shirt,Sky Blue,9 Months",EGP 302.63,35%,196.71,3,,3,0,0,03-ГЫУШУ-2025,14-ГЫУШУ-2025,Delivery,03-ГЫУШУ-2025,AC - Accepted: In stock,,399U9,SPX5,,Unconfirmed,02-ГЫУШУ-2025,NO,Prepaid,Invoice,,,142,EGP,7,1,1,,0.00,No
69VED3RS,6221319208930,323210931118,B0CV5RKNR4,,"Junior Baby Girls Hoodie,Havan,18 Months",EGP 346.49,35%,225.22,2,,2,0,0,03-ГЫУШУ-2025,14-ГЫУШУ-2025,Delivery,03-ГЫУШУ-2025,AC - Accepted: In stock,,399U9,SPX5,,Unconfirmed,02-ГЫУШУ-2025,NO,Prepaid,Invoice,,,142,EGP,7,1,1,,0.00,No
69VED3RS,6221319209388,323220130906,B0CV5S1N99,,"Junior Girls Sweat Shirt,Pink,6 Years",EGP 372.81,35%,242.32,1,,1,0,0,03-ГЫУШУ-2025,14-ГЫУШУ-2025,Delivery,03-ГЫУШУ-2025,AC - Accepted: In stock,,399U9,SPX5,,Unconfirmed,02-ГЫУШУ-2025,NO,Prepaid,Invoice,,,142,EGP,7,1,1,,0.00,No
69VED3RS,6221319183893,4101106103,B0CX9CSFHG,,"Junior,Baby Gift Box P/5,Multicolor,3 Months",EGP 339.25,0%,339.25,2,,2,0,0,03-ГЫУШУ-2025,14-ГЫУШУ-2025,Delivery,03-ГЫУШУ-2025,AC - Accepted: In stock,,399U9,SPX5,,Unconfirmed,02-ГЫУШУ-2025,NO,Prepaid,Invoice,,,142,EGP,7,1,1,,0.00,No
69VED3RS,6222040397764,4100103503,B0CX9DYFP3,,"Junior,Baby Gift Box P/5,Multicolor,3 Months",EGP 481.58,47%,256.58,1,,1,0,0,03-ГЫУШУ-2025,14-ГЫУШУ-2025,Delivery,03-ГЫУШУ-2025,AC - Accepted: In stock,,399U9,SPX5,,Unconfirmed,02-ГЫУШУ-2025,NO,Prepaid,Invoice,,,142,EGP,7,1,1,,0.00,No
69VED3RS,6221319080147,4100105603,B0CX9FDS8Q,,"Junior,Baby Gift Box P/20,Multicolor,3 Months",EGP 855.26,0%,855.26,2,,2,0,0,03-ГЫУШУ-2025,14-ГЫУШУ-2025,Delivery,03-ГЫУШУ-2025,AC - Accepted: In stock,,399U9,SPX5,,Unconfirmed,02-ГЫУШУ-2025,NO,Prepaid,Invoice,,,142,EGP,7,1,1,,0.00,No
69VED3RS,6221319213958,2124122212,B0CXDZYZ21,,"Junior Baby Boy Pajama Set, OFF WHITE- BABY BLUE, 12 Months",EGP 285.09,35%,185.31,1,,1,0,0,03-ГЫУШУ-2025,14-ГЫУШУ-2025,Delivery,03-ГЫУШУ-2025,AC - Accepted: In stock,,399U9,SPX5,,Unconfirmed,02-ГЫУШУ-2025,NO,Prepaid,Invoice,,,142,EGP,7,1,1,,0.00,No
69VED3RS,6221319232591,2124177709,B0CXF1PX4F,,"Junior Baby Girl Slippers P/2, BEIGE, 9 Months",EGP 179.82,35%,116.89,2,,2,0,0,03-ГЫУШУ-2025,14-ГЫУШУ-2025,Delivery,03-ГЫУШУ-2025,AC - Accepted: In stock,,399U9,SPX5,,Unconfirmed,02-ГЫУШУ-2025,NO,Prepaid,Invoice,,,142,EGP,7,1,1,,0.00,No
69VED3RS,6221319219042,2124127909,B0CXF3S9ZF,,"Junior Baby Boy Slippers P/2, INDEGO, 9 Months",EGP 179.82,35%,116.89,1,,1,0,0,03-ГЫУШУ-2025,14-ГЫУШУ-2025,Delivery,03-ГЫУШУ-2025,AC - Accepted: In stock,,399U9,SPX5,,Unconfirmed,02-ГЫУШУ-2025,NO,Prepaid,Invoice,,,142,EGP,7,1,1,,0.00,No
69VED3RS,6221319207339,323220155106,B0CYH1WPHF,,"Junior Girls Jumpsuit, Lemon, 6 Years",EGP 339.25,0%,339.25,1,,1,0,0,03-ГЫУШУ-2025,14-ГЫУШУ-2025,Delivery,03-ГЫУШУ-2025,AC - Accepted: In stock,,399U9,SPX5,,Unconfirmed,02-ГЫУШУ-2025,NO,Prepaid,Invoice,,,142,EGP,7,1,1,,0.00,No
69VED3RS,6221319238982,324111030218,B0CYZTXRLB,,"Junior Baby Girl Blouse, WHITE, 18 Months",EGP 185.31,0%,185.31,2,,2,0,0,03-ГЫУШУ-2025,14-ГЫУШУ-2025,Delivery,03-ГЫУШУ-2025,AC - Accepted: In stock,,399U9,SPX5,,Unconfirmed,02-ГЫУШУ-2025,NO,Prepaid,Invoice,,,142,EGP,7,1,1,,0.00,No
69VED3RS,6221319246369,324110260112,B0CYZTZGRQ,,"Junior Baby Girl Dress, PRINTTED BALLET, 12 Months",EGP 313.60,0%,313.6,1,,1,0,0,03-ГЫУШУ-2025,14-ГЫУШУ-2025,Delivery,03-ГЫУШУ-2025,AC - Accepted: In stock,,399U9,SPX5,,Unconfirmed,02-ГЫУШУ-2025,NO,Prepaid,Invoice,,,142,EGP,7,1,1,,0.00,No
69VED3RS,6221319238227,324121130508,B0CYZVLN74,,"Junior Boys T-Shirt, WHITE, 8 Years",EGP 270.83,0%,270.83,1,,1,0,0,03-ГЫУШУ-2025,14-ГЫУШУ-2025,Delivery,03-ГЫУШУ-2025,AC - Accepted: In stock,,399U9,SPX5,,Unconfirmed,02-ГЫУШУ-2025,NO,Prepaid,Invoice,,,142,EGP,7,1,1,,0.00,No
69VED3RS,6221319242750,324121430512,B0CZ7BLFTL,,"Junior Boys T-Shirt, Red, 12 Years",EGP 299.34,0%,299.34,1,,1,0,0,03-ГЫУШУ-2025,14-ГЫУШУ-2025,Delivery,03-ГЫУШУ-2025,AC - Accepted: In stock,,399U9,SPX5,,Unconfirmed,02-ГЫУШУ-2025,NO,Prepaid,Invoice,,,142,EGP,7,1,1,,0.00,No
69VED3RS,6221319241227,324111130724,B0CZ7BRBY4,,"Junior Baby Boy T-Shirt, Beige, 24 Months",EGP 168.20,0%,168.2,1,,1,0,0,03-ГЫУШУ-2025,14-ГЫУШУ-2025,Delivery,03-ГЫУШУ-2025,AC - Accepted: In stock,,399U9,SPX5,,Unconfirmed,02-ГЫУШУ-2025,NO,Prepaid,Invoice,,,142,EGP,7,1,1,,0.00,No
69VED3RS,6222040398044,4100201303,B0CZJRLRCN,,"Junior Baby Unisex Baby Towl P/2, Navy * Yellow, 3 Months",EGP 166.67,35%,108.33,5,,5,0,0,03-ГЫУШУ-2025,14-ГЫУШУ-2025,Delivery,03-ГЫУШУ-2025,AC - Accepted: In stock,,399U9,SPX5,,Unconfirmed,02-ГЫУШУ-2025,NO,Prepaid,Invoice,,,142,EGP,7,1,1,,0.00,No
69VED3RS,6221319254616,324120346214,B0D11FYK6W,,"Junior Girls Pant, TIE DIE, 14 Years",EGP 313.60,0%,313.6,1,,1,0,0,03-ГЫУШУ-2025,14-ГЫУШУ-2025,Delivery,03-ГЫУШУ-2025,AC - Accepted: In stock,,399U9,SPX5,,Unconfirmed,02-ГЫУШУ-2025,NO,Prepaid,Invoice,,,142,EGP,7,1,1,,0.00,No
69VED3RS,6221319244365,324121730510,B0D11GS7C9,,"Junior Boys Over Size T-Shirt, Printed BLACK, 10 Years",EGP 270.83,0%,270.83,1,,1,0,0,03-ГЫУШУ-2025,14-ГЫУШУ-2025,Delivery,03-ГЫУШУ-2025,AC - Accepted: In stock,,399U9,SPX5,,Unconfirmed,02-ГЫУШУ-2025,NO,Prepaid,Invoice,,,142,EGP,7,1,1,,0.00,No
69VED3RS,6221319259154,324120120104,B0D35ST6YR,,"Junior Girls Crop Jacket, ORANGE, 4 Years",EGP 282.24,0%,282.24,1,,1,0,0,03-ГЫУШУ-2025,14-ГЫУШУ-2025,Delivery,03-ГЫУШУ-2025,AC - Accepted: In stock,,399U9,SPX5,,Unconfirmed,02-ГЫУШУ-2025,NO,Prepaid,Invoice,,,142,EGP,7,1,1,,0.00,No
69VED3RS,6221319262307,324120132204,B0D35SXHDS,,"Junior Girls Tank Top, SIMON, 4 Years",EGP 285.09,35%,185.31,24,,24,0,0,03-ГЫУШУ-2025,14-ГЫУШУ-2025,Delivery,03-ГЫУШУ-2025,AC - Accepted: In stock,,399U9,SPX5,,Unconfirmed,02-ГЫУШУ-2025,NO,Prepaid,Invoice,,,142,EGP,7,1,1,,0.00,No
69VED3RS,6221319245386,324110932106,B0D3LYBTDV,,"Junior Sleeveless Blouse, BLUE STONE, 6 Months, Baby Girls",EGP 179.61,0%,179.61,1,,1,0,0,03-ГЫУШУ-2025,14-ГЫУШУ-2025,Delivery,03-ГЫУШУ-2025,AC - Accepted: In stock,,399U9,SPX5,,Unconfirmed,02-ГЫУШУ-2025,NO,Prepaid,Invoice,,,142,EGP,7,1,1,,0.00,No
69VED3RS,6221319255149,324111256124,B0D5743CHR,,"Junior Baby Boy Salupet, Black Stone, 24 Months",EGP 270.83,0%,270.83,2,,2,0,0,03-ГЫУШУ-2025,14-ГЫУШУ-2025,Delivery,03-ГЫУШУ-2025,AC - Accepted: In stock,,399U9,SPX5,,Unconfirmed,02-ГЫУШУ-2025,NO,Prepaid,Invoice,,,142,EGP,7,1,1,,0.00,No
69VED3RS,6221319257815,324121343112,B0D574Q55L,,"Junior Boys Short, Royal, 12 Years",EGP 313.60,0%,313.6,1,,1,0,0,03-ГЫУШУ-2025,14-ГЫУШУ-2025,Delivery,03-ГЫУШУ-2025,AC - Accepted: In stock,,399U9,SPX5,,Unconfirmed,02-ГЫУШУ-2025,NO,Prepaid,Invoice,,,142,EGP,7,1,1,,0.00,No
69VED3RS,6221319276595,2324210703,B0DBVMGK42,,"Junior Baby Boy Pajama Set, Opal Green * Ecru, 3 Months",EGP 242.32,0%,242.32,2,,2,0,0,03-ГЫУШУ-2025,14-ГЫУШУ-2025,Delivery,03-ГЫУШУ-2025,AC - Accepted: In stock,,399U9,SPX5,,Unconfirmed,02-ГЫУШУ-2025,NO,Prepaid,Invoice,,,142,EGP,7,1,1,,0.00,No
69VED3RS,6221319269665,2324267324,B0DBVNX3D7,,"Junior Baby Girl Pajama Set, Patterned White * Yellow, 24 Months",EGP 242.32,0%,242.32,1,,1,0,0,03-ГЫУШУ-2025,14-ГЫУШУ-2025,Delivery,03-ГЫУШУ-2025,AC - Accepted: In stock,,399U9,SPX5,,Unconfirmed,02-ГЫУШУ-2025,NO,Prepaid,Invoice,,,142,EGP,7,1,1,,0.00,No
69VED3RS,6221319275147,2324209518,B0DBVP9V9M,,"Junior Baby Boy Pajama Set, Yellow * Patterned Gray, 18 Months",EGP 242.32,0%,242.32,4,,4,0,0,03-ГЫУШУ-2025,14-ГЫУШУ-2025,Delivery,03-ГЫУШУ-2025,AC - Accepted: In stock,,399U9,SPX5,,Unconfirmed,02-ГЫУШУ-2025,NO,Prepaid,Invoice,,,142,EGP,7,1,1,,0.00,No
69VED3RS,6221319269184,2324214403,B0DBVPCHZP,,"Junior Baby Boy Beanie P/2, Patterned White * Slate Gray, 3 Months",EGP 99.78,0%,99.78,1,,1,0,0,03-ГЫУШУ-2025,14-ГЫУШУ-2025,Delivery,03-ГЫУШУ-2025,AC - Accepted: In stock,,399U9,SPX5,,Unconfirmed,02-ГЫУШУ-2025,NO,Prepaid,Invoice,,,142,EGP,7,1,1,,0.00,No
69VED3RS,6221319273440,2324208306,B0DBVPHMJG,,"Junior Baby Boy Romper, Patterned Gray, 6 Months",EGP 222.37,0%,222.37,2,,2,0,0,03-ГЫУШУ-2025,14-ГЫУШУ-2025,Delivery,03-ГЫУШУ-2025,AC - Accepted: In stock,,399U9,SPX5,,Unconfirmed,02-ГЫУШУ-2025,NO,Prepaid,Invoice,,,142,EGP,7,1,1,,0.00,No
69VED3RS,6221319276540,2324210624,B0DBVPHVCB,,"Junior Baby Boy Pajama Set, Opal Green * Ecru, 24 Months",EGP 242.32,0%,242.32,14,,14,0,0,03-ГЫУШУ-2025,14-ГЫУШУ-2025,Delivery,03-ГЫУШУ-2025,AC - Accepted: In stock,,399U9,SPX5,,Unconfirmed,02-ГЫУШУ-2025,NO,Prepaid,Invoice,,,142,EGP,7,1,1,,0.00,No
69VED3RS,6221319271460,2324269306,B0DBVPHVDR,,"Junior Baby Girl Hooded Romper, Patterned Baby Pink, 6 Months",EGP 222.37,0%,222.37,4,,4,0,0,03-ГЫУШУ-2025,14-ГЫУШУ-2025,Delivery,03-ГЫУШУ-2025,AC - Accepted: In stock,,399U9,SPX5,,Unconfirmed,02-ГЫУШУ-2025,NO,Prepaid,Invoice,,,142,EGP,7,1,1,,0.00,No
69VED3RS,6221319272627,2324270412,B0DBVPLCPY,,"Junior Baby Girl Romper with Jacket, Patterned Baby Pink * Peachy, 12 Months",EGP 342.11,0%,342.11,2,,2,0,0,03-ГЫУШУ-2025,14-ГЫУШУ-2025,Delivery,03-ГЫУШУ-2025,AC - Accepted: In stock,,399U9,SPX5,,Unconfirmed,02-ГЫУШУ-2025,NO,Prepaid,Invoice,,,142,EGP,7,1,1,,0.00,No
69VED3RS,6221319276342,2324210606,B0DBVPN27X,,"Junior Baby Boy Pajama Set, Opal Green * Ecru, 6 Months",EGP 242.32,0%,242.32,1,,1,0,0,03-ГЫУШУ-2025,14-ГЫУШУ-2025,Delivery,03-ГЫУШУ-2025,AC - Accepted: In stock,,399U9,SPX5,,Unconfirmed,02-ГЫУШУ-2025,NO,Prepaid,Invoice,,,142,EGP,7,1,1,,0.00,No
69VED3RS,6221319273204,2324270624,B0DBVPTM1L,,"Junior Baby Girl Pajama Set, Peachy * Porpoise Gray, 24 Months",EGP 242.32,0%,242.32,3,,3,0,0,03-ГЫУШУ-2025,14-ГЫУШУ-2025,Delivery,03-ГЫУШУ-2025,AC - Accepted: In stock,,399U9,SPX5,,Unconfirmed,02-ГЫУШУ-2025,NO,Prepaid,Invoice,,,142,EGP,7,1,1,,0.00,No
69VED3RS,6221319272535,2324207418,B0DBVQ1DGY,,"Junior Baby Boy Pajama Set, Patterned Ecru * Baby Blue, 18 Months",EGP 242.32,0%,242.32,3,,3,0,0,03-ГЫУШУ-2025,14-ГЫУШУ-2025,Delivery,03-ГЫУШУ-2025,AC - Accepted: In stock,,399U9,SPX5,,Unconfirmed,02-ГЫУШУ-2025,NO,Prepaid,Invoice,,,142,EGP,7,1,1,,0.00,No
69VED3RS,6221319272658,2324207506,B0DBVQ2LGS,,"Junior Baby Boy Pajama Set, Patterned Ecru * Baby Blue, 6 Months",EGP 259.43,0%,259.43,2,,2,0,0,03-ГЫУШУ-2025,14-ГЫУШУ-2025,Delivery,03-ГЫУШУ-2025,AC - Accepted: In stock,,399U9,SPX5,,Unconfirmed,02-ГЫУШУ-2025,NO,Prepaid,Invoice,,,142,EGP,7,1,1,,0.00,No
69VED3RS,6221319275604,2324272724,B0DBVQ36PX,,"Junior Baby Girl Pajama Set, Nude Pink * Patterned Marble Blue, 24 Months",EGP 242.32,0%,242.32,2,,2,0,0,03-ГЫУШУ-2025,14-ГЫУШУ-2025,Delivery,03-ГЫУШУ-2025,AC - Accepted: In stock,,399U9,SPX5,,Unconfirmed,02-ГЫУШУ-2025,NO,Prepaid,Invoice,,,142,EGP,7,1,1,,0.00,No
69VED3RS,6221319279886,2324213709,B0DBVQ5Q25,,"Junior Baby Boy Romper, White * Peachy, 9 Months",EGP 242.32,0%,242.32,3,,3,0,0,03-ГЫУШУ-2025,14-ГЫУШУ-2025,Delivery,03-ГЫУШУ-2025,AC - Accepted: In stock,,399U9,SPX5,,Unconfirmed,02-ГЫУШУ-2025,NO,Prepaid,Invoice,,,142,EGP,7,1,1,,0.00,No
69VED3RS,6221319272610,2324207503,B0DBVQ95XJ,,"Junior Baby Boy Pajama Set, Patterned Ecru * Baby Blue, 3 Months",EGP 259.43,0%,259.43,1,,1,0,0,03-ГЫУШУ-2025,14-ГЫУШУ-2025,Delivery,03-ГЫУШУ-2025,AC - Accepted: In stock,,399U9,SPX5,,Unconfirmed,02-ГЫУШУ-2025,NO,Prepaid,Invoice,,,142,EGP,7,1,1,,0.00,No
69VED3RS,6221319273105,2324270612,B0DBVQKZ13,,"Junior Baby Girl Pajama Set, Peachy * Porpoise Gray, 12 Months",EGP 242.32,0%,242.32,2,,2,0,0,03-ГЫУШУ-2025,14-ГЫУШУ-2025,Delivery,03-ГЫУШУ-2025,AC - Accepted: In stock,,399U9,SPX5,,Unconfirmed,02-ГЫУШУ-2025,NO,Prepaid,Invoice,,,142,EGP,7,1,1,,0.00,No
69VED3RS,6221319279046,2324212718,B0DBVQN4T2,,"Junior Baby Boy Pajama Set, Indego * Patterned White, 18 Months",EGP 242.32,0%,242.32,7,,7,0,0,03-ГЫУШУ-2025,14-ГЫУШУ-2025,Delivery,03-ГЫУШУ-2025,AC - Accepted: In stock,,399U9,SPX5,,Unconfirmed,02-ГЫУШУ-2025,NO,Prepaid,Invoice,,,142,EGP,7,1,1,,0.00,No
69VED3RS,6221319277240,2324211406,B0DBVQP3HW,,"Junior Baby Boy Hooded Romper, Patterned Beige, 6 Months",EGP 222.37,0%,222.37,7,,7,0,0,03-ГЫУШУ-2025,14-ГЫУШУ-2025,Delivery,03-ГЫУШУ-2025,AC - Accepted: In stock,,399U9,SPX5,,Unconfirmed,02-ГЫУШУ-2025,NO,Prepaid,Invoice,,,142,EGP,7,1,1,,0.00,No
69VED3RS,6221319273341,2324208212,B0DBVQRFZH,,"Junior Baby Boy Romper, Patterned Gray * Ecru, 12 Months",EGP 205.26,0%,205.26,4,,4,0,0,03-ГЫУШУ-2025,14-ГЫУШУ-2025,Delivery,03-ГЫУШУ-2025,AC - Accepted: In stock,,399U9,SPX5,,Unconfirmed,02-ГЫУШУ-2025,NO,Prepaid,Invoice,,,142,EGP,7,1,1,,0.00,No
69VED3RS,6221319277394,2324211503,B0DBVQTS1R,,"Junior Baby Boy (T-Shirt & Sleeveless Romper), Beige * Ecru, 3 Months",EGP 259.43,0%,259.43,2,,2,0,0,03-ГЫУШУ-2025,14-ГЫУШУ-2025,Delivery,03-ГЫУШУ-2025,AC - Accepted: In stock,,399U9,SPX5,,Unconfirmed,02-ГЫУШУ-2025,NO,Prepaid,Invoice,,,142,EGP,7,1,1,,0.00,No
69VED3RS,6221319273792,2324208418,B0DBVQX2XR,,"Junior Baby Boy Pajama Set, Ecru * Patterned Light Gray, 18 Months",EGP 242.32,0%,242.32,4,,4,0,0,03-ГЫУШУ-2025,14-ГЫУШУ-2025,Delivery,03-ГЫУШУ-2025,AC - Accepted: In stock,,399U9,SPX5,,Unconfirmed,02-ГЫУШУ-2025,NO,Prepaid,Invoice,,,142,EGP,7,1,1,,0.00,No
69VED3RS,6221319271309,2324269206,B0DBVQXQ4M,,"Junior Baby Girl Romper, Baby Pink * Candy Pink, 6 Months",EGP 205.26,0%,205.26,5,,5,0,0,03-ГЫУШУ-2025,14-ГЫУШУ-2025,Delivery,03-ГЫУШУ-2025,AC - Accepted: In stock,,399U9,SPX5,,Unconfirmed,02-ГЫУШУ-2025,NO,Prepaid,Invoice,,,142,EGP,7,1,1,,0.00,No
69VED3RS,6221319274690,2324209312,B0DBVQZ9LY,,"Junior Baby Boy Romper, Yellow * Blue Jay, 12 Months",EGP 205.26,0%,205.26,2,,2,0,0,03-ГЫУШУ-2025,14-ГЫУШУ-2025,Delivery,03-ГЫУШУ-2025,AC - Accepted: In stock,,399U9,SPX5,,Unconfirmed,02-ГЫУШУ-2025,NO,Prepaid,Invoice,,,142,EGP,7,1,1,,0.00,No
69VED3RS,6221319276250,2324273503,B0DBVR1MMX,,"Junior Baby Girl Romper, Gray, 3 Months",EGP 205.26,0%,205.26,4,,4,0,0,03-ГЫУШУ-2025,14-ГЫУШУ-2025,Delivery,03-ГЫУШУ-2025,AC - Accepted: In stock,,399U9,SPX5,,Unconfirmed,02-ГЫУШУ-2025,NO,Prepaid,Invoice,,,142,EGP,7,1,1,,0.00,No
69VED3RS,6221319278766,2324212606,B0DBVR1P3K,,"Junior Baby Boy Romper, Patterned White * Indego, 6 Months",EGP 205.26,0%,205.26,2,,2,0,0,03-ГЫУШУ-2025,14-ГЫУШУ-2025,Delivery,03-ГЫУШУ-2025,AC - Accepted: In stock,,399U9,SPX5,,Unconfirmed,02-ГЫУШУ-2025,NO,Prepaid,Invoice,,,142,EGP,7,1,1,,0.00,No
69VED3RS,6221319276748,2324210712,B0DBVR3K23,,"Junior Baby Boy Pajama Set, Opal Green * Ecru, 12 Months",EGP 242.32,0%,242.32,1,,1,0,0,03-ГЫУШУ-2025,14-ГЫУШУ-2025,Delivery,03-ГЫУШУ-2025,AC - Accepted: In stock,,399U9,SPX5,,Unconfirmed,02-ГЫУШУ-2025,NO,Prepaid,Invoice,,,142,EGP,7,1,1,,0.00,No
69VED3RS,6221319279688,2324213606,B0DBVR3K2V,,"Junior Baby Boy Romper, Patterned White * Peachy, 6 Months",EGP 205.26,0%,205.26,5,,5,0,0,03-ГЫУШУ-2025,14-ГЫУШУ-2025,Delivery,03-ГЫУШУ-2025,AC - Accepted: In stock,,399U9,SPX5,,Unconfirmed,02-ГЫУШУ-2025,NO,Prepaid,Invoice,,,142,EGP,7,1,1,,0.00,No
69VED3RS,6221319274508,2324271718,B0DBVR4DPJ,,"Junior Baby Girl Pajama Set, Patterned Light Gray * Salmon, 18 Months",EGP 242.32,0%,242.32,2,,2,0,0,03-ГЫУШУ-2025,14-ГЫУШУ-2025,Delivery,03-ГЫУШУ-2025,AC - Accepted: In stock,,399U9,SPX5,,Unconfirmed,02-ГЫУШУ-2025,NO,Prepaid,Invoice,,,142,EGP,7,1,1,,0.00,No
69VED3RS,6221319276106,2324273203,B0DBVR7TQR,,"Junior Baby Girl Beanie P/2, Patterned Marble Blue * Nude Pink, 3 Months",EGP 99.78,0%,99.78,2,,2,0,0,03-ГЫУШУ-2025,14-ГЫУШУ-2025,Delivery,03-ГЫУШУ-2025,AC - Accepted: In stock,,399U9,SPX5,,Unconfirmed,02-ГЫУШУ-2025,NO,Prepaid,Invoice,,,142,EGP,7,1,1,,0.00,No
69VED3RS,6221319276304,2324273506,B0DBVR7ZJC,,"Junior Baby Girl Romper, Gray, 6 Months",EGP 205.26,0%,205.26,4,,4,0,0,03-ГЫУШУ-2025,14-ГЫУШУ-2025,Delivery,03-ГЫУШУ-2025,AC - Accepted: In stock,,399U9,SPX5,,Unconfirmed,02-ГЫУШУ-2025,NO,Prepaid,Invoice,,,142,EGP,7,1,1,,0.00,No
69VED3RS,6221319275055,2324272509,B0DBVRD3Z3,,"Junior Baby Girl Romper, Patterned Slate Gray * Nude Pink, 9 Months",EGP 205.26,0%,205.26,2,,2,0,0,03-ГЫУШУ-2025,14-ГЫУШУ-2025,Delivery,03-ГЫУШУ-2025,AC - Accepted: In stock,,399U9,SPX5,,Unconfirmed,02-ГЫУШУ-2025,NO,Prepaid,Invoice,,,142,EGP,7,1,1,,0.00,No
69VED3RS,6221319272498,2324207412,B0DBVRDXW1,,"Junior Baby Boy Pajama Set, Patterned Ecru * Baby Blue, 12 Months",EGP 242.32,0%,242.32,2,,2,0,0,03-ГЫУШУ-2025,14-ГЫУШУ-2025,Delivery,03-ГЫУШУ-2025,AC - Accepted: In stock,,399U9,SPX5,,Unconfirmed,02-ГЫУШУ-2025,NO,Prepaid,Invoice,,,142,EGP,7,1,1,,0.00,No
69VED3RS,6221319270067,2324267803,B0DBVRFHDH,,"Junior Baby Girl Beanie P/2, Yellow * Patterned White, 3 Months",EGP 99.78,0%,99.78,3,,3,0,0,03-ГЫУШУ-2025,14-ГЫУШУ-2025,Delivery,03-ГЫУШУ-2025,AC - Accepted: In stock,,399U9,SPX5,,Unconfirmed,02-ГЫУШУ-2025,NO,Prepaid,Invoice,,,142,EGP,7,1,1,,0.00,No
69VED3RS,6221319271262,2324269203,B0DBVRLCYQ,,"Junior Baby Girl Romper, Baby Pink * Candy Pink, 3 Months",EGP 205.26,0%,205.26,4,,4,0,0,03-ГЫУШУ-2025,14-ГЫУШУ-2025,Delivery,03-ГЫУШУ-2025,AC - Accepted: In stock,,399U9,SPX5,,Unconfirmed,02-ГЫУШУ-2025,NO,Prepaid,Invoice,,,142,EGP,7,1,1,,0.00,No
69VED3RS,6221319276199,2324210509,B0DBVRMX3J,,"Junior Baby Boy (Long sleeves t-shirt & Sleeveless Romper), Opal Green * Ecru, 9 Months",EGP 242.32,0%,242.32,3,,3,0,0,03-ГЫУШУ-2025,14-ГЫУШУ-2025,Delivery,03-ГЫУШУ-2025,AC - Accepted: In stock,,399U9,SPX5,,Unconfirmed,02-ГЫУШУ-2025,NO,Prepaid,Invoice,,,142,EGP,7,1,1,,0.00,No
69VED3RS,6221319272375,2324207403,B0DBVRNVSL,,"Junior Baby Boy Pajama Set, Patterned Ecru * Baby Blue, 3 Months",EGP 242.32,0%,242.32,3,,3,0,0,03-ГЫУШУ-2025,14-ГЫУШУ-2025,Delivery,03-ГЫУШУ-2025,AC - Accepted: In stock,,399U9,SPX5,,Unconfirmed,02-ГЫУШУ-2025,NO,Prepaid,Invoice,,,142,EGP,7,1,1,,0.00,No
69VED3RS,6221319276793,2324210718,B0DBVRNVSZ,,"Junior Baby Boy Pajama Set, Opal Green * Ecru, 18 Months",EGP 242.32,0%,242.32,3,,3,0,0,03-ГЫУШУ-2025,14-ГЫУШУ-2025,Delivery,03-ГЫУШУ-2025,AC - Accepted: In stock,,399U9,SPX5,,Unconfirmed,02-ГЫУШУ-2025,NO,Prepaid,Invoice,,,142,EGP,7,1,1,,0.00,No
69VED3RS,6221319272856,2324270518,B0DBVRP3WW,,"Junior Baby Girl Pajama Set, Peachy * Patterned Baby Pink, 18 Months",EGP 242.32,0%,242.32,3,,3,0,0,03-ГЫУШУ-2025,14-ГЫУШУ-2025,Delivery,03-ГЫУШУ-2025,AC - Accepted: In stock,,399U9,SPX5,,Unconfirmed,02-ГЫУШУ-2025,NO,Prepaid,Invoice,,,142,EGP,7,1,1,,0.00,No
69VED3RS,6221319273846,2324208424,B0DBVRP3YC,,"Junior Baby Boy Pajama Set, Ecru * Patterned Light Gray, 24 Months",EGP 242.32,0%,242.32,3,,3,0,0,03-ГЫУШУ-2025,14-ГЫУШУ-2025,Delivery,03-ГЫУШУ-2025,AC - Accepted: In stock,,399U9,SPX5,,Unconfirmed,02-ГЫУШУ-2025,NO,Prepaid,Invoice,,,142,EGP,7,1,1,,0.00,No
69VED3RS,6221319273006,2324270606,B0DBVRPBQT,,"Junior Baby Girl Pajama Set, Peachy * Porpoise Gray, 6 Months",EGP 242.32,0%,242.32,2,,2,0,0,03-ГЫУШУ-2025,14-ГЫУШУ-2025,Delivery,03-ГЫУШУ-2025,AC - Accepted: In stock,,399U9,SPX5,,Unconfirmed,02-ГЫУШУ-2025,NO,Prepaid,Invoice,,,142,EGP,7,1,1,,0.00,No
69VED3RS,6221319274096,2324208518,B0DBVRQN35,,"Junior Baby Boy Pajama Set, Ecru * Patterned Light Gray, 18 Months",EGP 270.83,0%,270.83,1,,1,0,0,03-ГЫУШУ-2025,14-ГЫУШУ-2025,Delivery,03-ГЫУШУ-2025,AC - Accepted: In stock,,399U9,SPX5,,Unconfirmed,02-ГЫУШУ-2025,NO,Prepaid,Invoice,,,142,EGP,7,1,1,,0.00,No
69VED3RS,6221319269900,2324267424,B0DBVRQT1P,,"Junior Baby Girl Pajama Set, Yellow * Patterned White, 24 Months",EGP 242.32,0%,242.32,3,,3,0,0,03-ГЫУШУ-2025,14-ГЫУШУ-2025,Delivery,03-ГЫУШУ-2025,AC - Accepted: In stock,,399U9,SPX5,,Unconfirmed,02-ГЫУШУ-2025,NO,Prepaid,Invoice,,,142,EGP,7,1,1,,0.00,No
69VED3RS,6221319276649,2324210706,B0DBVRRNZ9,,"Junior Baby Boy Pajama Set, Opal Green * Ecru, 6 Months",EGP 242.32,0%,242.32,1,,1,0,0,03-ГЫУШУ-2025,14-ГЫУШУ-2025,Delivery,03-ГЫУШУ-2025,AC - Accepted: In stock,,399U9,SPX5,,Unconfirmed,02-ГЫУШУ-2025,NO,Prepaid,Invoice,,,142,EGP,7,1,1,,0.00,No
69VED3RS,6221319275307,2324272612,B0DBVRSPQ2,,"Junior Baby Girl Romper, Nude Pink, 12 Months",EGP 205.26,0%,205.26,9,,9,0,0,03-ГЫУШУ-2025,14-ГЫУШУ-2025,Delivery,03-ГЫУШУ-2025,AC - Accepted: In stock,,399U9,SPX5,,Unconfirmed,02-ГЫУШУ-2025,NO,Prepaid,Invoice,,,142,EGP,7,1,1,,0.00,No
69VED3RS,6221319272092,2324207206,B0DBVRSWCB,,"Junior Baby Boy Romper, Patterned Ecru * Baby Blue, 6 Months",EGP 205.26,0%,205.26,4,,4,0,0,03-ГЫУШУ-2025,14-ГЫУШУ-2025,Delivery,03-ГЫУШУ-2025,AC - Accepted: In stock,,399U9,SPX5,,Unconfirmed,02-ГЫУШУ-2025,NO,Prepaid,Invoice,,,142,EGP,7,1,1,,0.00,No
69VED3RS,6221319278094,2324211718,B0DBVRSWCJ,,"Junior Baby Boy Pajama Set, Ecru * Patterned Desert Beige, 18 Months",EGP 242.32,0%,242.32,4,,4,0,0,03-ГЫУШУ-2025,14-ГЫУШУ-2025,Delivery,03-ГЫУШУ-2025,AC - Accepted: In stock,,399U9,SPX5,,Unconfirmed,02-ГЫУШУ-2025,NO,Prepaid,Invoice,,,142,EGP,7,1,1,,0.00,No
69VED3RS,6221319277790,2324211618,B0DBVRT1YB,,"Junior Baby Boy Pajama Set, Patterned Desert Beige * Ecru, 18 Months",EGP 242.32,0%,242.32,2,,2,0,0,03-ГЫУШУ-2025,14-ГЫУШУ-2025,Delivery,03-ГЫУШУ-2025,AC - Accepted: In stock,,399U9,SPX5,,Unconfirmed,02-ГЫУШУ-2025,NO,Prepaid,Invoice,,,142,EGP,7,1,1,,0.00,No
69VED3RS,6221319273051,2324270609,B0DBVRV6SG,,"Junior Baby Girl Pajama Set, Peachy * Porpoise Gray, 9 Months",EGP 242.32,0%,242.32,1,,1,0,0,03-ГЫУШУ-2025,14-ГЫУШУ-2025,Delivery,03-ГЫУШУ-2025,AC - Accepted: In stock,,399U9,SPX5,,Unconfirmed,02-ГЫУШУ-2025,NO,Prepaid,Invoice,,,142,EGP,7,1,1,,0.00,No
69VED3RS,6221319271941,2324269512,B0DBVRY52W,,"Junior Baby Girl Pajama Set, Patterned Baby Pink * Candy Pink, 12 Months",EGP 285.09,0%,285.09,2,,2,0,0,03-ГЫУШУ-2025,14-ГЫУШУ-2025,Delivery,03-ГЫУШУ-2025,AC - Accepted: In stock,,399U9,SPX5,,Unconfirmed,02-ГЫУШУ-2025,NO,Prepaid,Invoice,,,142,EGP,7,1,1,,0.00,No
69VED3RS,6221319269306,2324267203,B0DBVRY7T4,,"Junior Baby Girl Romper, White * Yellow, 3 Months",EGP 242.32,0%,242.32,5,,5,0,0,03-ГЫУШУ-2025,14-ГЫУШУ-2025,Delivery,03-ГЫУШУ-2025,AC - Accepted: In stock,,399U9,SPX5,,Unconfirmed,02-ГЫУШУ-2025,NO,Prepaid,Invoice,,,142,EGP,7,1,1,,0.00,No
69VED3RS,6221319273747,2324208412,B0DBVRYTDQ,,"Junior Baby Boy Pajama Set, Ecru * Patterned Light Gray, 12 Months",EGP 242.32,0%,242.32,3,,3,0,0,03-ГЫУШУ-2025,14-ГЫУШУ-2025,Delivery,03-ГЫУШУ-2025,AC - Accepted: In stock,,399U9,SPX5,,Unconfirmed,02-ГЫУШУ-2025,NO,Prepaid,Invoice,,,142,EGP,7,1,1,,0.00,No
69VED3RS,6221319275499,2324209624,B0DBVRYWDR,,"Junior Baby Boy Pajama Set, Patterned Gray * Blue Jay, 24 Months",EGP 259.43,0%,259.43,6,,6,0,0,03-ГЫУШУ-2025,14-ГЫУШУ-2025,Delivery,03-ГЫУШУ-2025,AC - Accepted: In stock,,399U9,SPX5,,Unconfirmed,02-ГЫУШУ-2025,NO,Prepaid,Invoice,,,142,EGP,7,1,1,,0.00,No
69VED3RS,6221319276847,2324210724,B0DBVRZBR7,,"Junior Baby Boy Pajama Set, Opal Green * Ecru, 24 Months",EGP 242.32,0%,242.32,6,,6,0,0,03-ГЫУШУ-2025,14-ГЫУШУ-2025,Delivery,03-ГЫУШУ-2025,AC - Accepted: In stock,,399U9,SPX5,,Unconfirmed,02-ГЫУШУ-2025,NO,Prepaid,Invoice,,,142,EGP,7,1,1,,0.00,No
69VED3RS,6221319274140,2324208524,B0DBVS23DD,,"Junior Baby Boy Pajama Set, Ecru * Patterned Light Gray, 24 Months",EGP 270.83,0%,270.83,2,,2,0,0,03-ГЫУШУ-2025,14-ГЫУШУ-2025,Delivery,03-ГЫУШУ-2025,AC - Accepted: In stock,,399U9,SPX5,,Unconfirmed,02-ГЫУШУ-2025,NO,Prepaid,Invoice,,,142,EGP,7,1,1,,0.00,No
69VED3RS,6221319278643,2324212509,B0DBVS2J13,,"Junior Baby Boy Romper, Patterned White, 9 Months",EGP 205.26,0%,205.26,1,,1,0,0,03-ГЫУШУ-2025,14-ГЫУШУ-2025,Delivery,03-ГЫУШУ-2025,AC - Accepted: In stock,,399U9,SPX5,,Unconfirmed,02-ГЫУШУ-2025,NO,Prepaid,Invoice,,,142,EGP,7,1,1,,0.00,No
69VED3RS,6221319279282,2324212818,B0DBVS3NRK,,"Junior Baby Boy Pajama Set, Patterned White * Indego, 18 Months",EGP 242.32,0%,242.32,2,,2,0,0,03-ГЫУШУ-2025,14-ГЫУШУ-2025,Delivery,03-ГЫУШУ-2025,AC - Accepted: In stock,,399U9,SPX5,,Unconfirmed,02-ГЫУШУ-2025,NO,Prepaid,Invoice,,,142,EGP,7,1,1,,0.00,No
69VED3RS,6221319278728,2324212603,B0DBVS455J,,"Junior Baby Boy Romper, Patterned White * Indego, 3 Months",EGP 205.26,0%,205.26,5,,5,0,0,03-ГЫУШУ-2025,14-ГЫУШУ-2025,Delivery,03-ГЫУШУ-2025,AC - Accepted: In stock,,399U9,SPX5,,Unconfirmed,02-ГЫУШУ-2025,NO,Prepaid,Invoice,,,142,EGP,7,1,1,,0.00,No
69VED3RS,6221319274546,2324209303,B0DBVS5Q45,,"Junior Baby Boy Romper, Yellow * Blue Jay, 3 Months",EGP 205.26,0%,205.26,2,,2,0,0,03-ГЫУШУ-2025,14-ГЫУШУ-2025,Delivery,03-ГЫУШУ-2025,AC - Accepted: In stock,,399U9,SPX5,,Unconfirmed,02-ГЫУШУ-2025,NO,Prepaid,Invoice,,,142,EGP,7,1,1,,0.00,No
69VED3RS,6221319277103,2324273812,B0DBVS6HJY,,"Junior Baby Girl Pajama Set, Pale Brown * Patterned Gray, 12 Months",EGP 259.43,0%,259.43,2,,2,0,0,03-ГЫУШУ-2025,14-ГЫУШУ-2025,Delivery,03-ГЫУШУ-2025,AC - Accepted: In stock,,399U9,SPX5,,Unconfirmed,02-ГЫУШУ-2025,NO,Prepaid,Invoice,,,142,EGP,7,1,1,,0.00,No
69VED3RS,6221319274744,2324209403,B0DBVS7ZN5,,"Junior Baby Boy Romper, Patterned Gray, 3 Months",EGP 222.37,0%,222.37,1,,1,0,0,03-ГЫУШУ-2025,14-ГЫУШУ-2025,Delivery,03-ГЫУШУ-2025,AC - Accepted: In stock,,399U9,SPX5,,Unconfirmed,02-ГЫУШУ-2025,NO,Prepaid,Invoice,,,142,EGP,7,1,1,,0.00,No
69VED3RS,6221319270227,2324268106,B0DBVS877T,,"Junior Baby Girl Romper, Patterned White, 6 Months",EGP 205.26,0%,205.26,3,,3,0,0,03-ГЫУШУ-2025,14-ГЫУШУ-2025,Delivery,03-ГЫУШУ-2025,AC - Accepted: In stock,,399U9,SPX5,,Unconfirmed,02-ГЫУШУ-2025,NO,Prepaid,Invoice,,,142,EGP,7,1,1,,0.00,No
69VED3RS,6221319270180,2324268103,B0DBVS8Z3L,,"Junior Baby Girl Romper, Patterned White, 3 Months",EGP 205.26,0%,205.26,17,,17,0,0,03-ГЫУШУ-2025,14-ГЫУШУ-2025,Delivery,03-ГЫУШУ-2025,AC - Accepted: In stock,,399U9,SPX5,,Unconfirmed,02-ГЫУШУ-2025,NO,Prepaid,Invoice,,,142,EGP,7,1,1,,0.00,No
69VED3RS,6221319273297,2324208209,B0DBVS9CNS,,"Junior Baby Boy Romper, Patterned Gray * Ecru, 9 Months",EGP 205.26,0%,205.26,6,,6,0,0,03-ГЫУШУ-2025,14-ГЫУШУ-2025,Delivery,03-ГЫУШУ-2025,AC - Accepted: In stock,,399U9,SPX5,,Unconfirmed,02-ГЫУШУ-2025,NO,Prepaid,Invoice,,,142,EGP,7,1,1,,0.00,No
69VED3RS,6221319278544,2324212503,B0DBVSB5NS,,"Junior Baby Boy Romper, Patterned White, 3 Months",EGP 205.26,0%,205.26,1,,1,0,0,03-ГЫУШУ-2025,14-ГЫУШУ-2025,Delivery,03-ГЫУШУ-2025,AC - Accepted: In stock,,399U9,SPX5,,Unconfirmed,02-ГЫУШУ-2025,NO,Prepaid,Invoice,,,142,EGP,7,1,1,,0.00,No
69VED3RS,6221319278926,2324212706,B0DBVSB5PJ,,"Junior Baby Boy Pajama Set, Indego * Patterned White, 6 Months",EGP 242.32,0%,242.32,2,,2,0,0,03-ГЫУШУ-2025,14-ГЫУШУ-2025,Delivery,03-ГЫУШУ-2025,AC - Accepted: In stock,,399U9,SPX5,,Unconfirmed,02-ГЫУШУ-2025,NO,Prepaid,Invoice,,,142,EGP,7,1,1,,0.00,No
69VED3RS,6221319276045,2324210412,B0DBVSB9RP,,"Junior Baby Boy Romper, Opal Green * Ecru, 12 Months",EGP 205.26,0%,205.26,1,,1,0,0,03-ГЫУШУ-2025,14-ГЫУШУ-2025,Delivery,03-ГЫУШУ-2025,AC - Accepted: In stock,,399U9,SPX5,,Unconfirmed,02-ГЫУШУ-2025,NO,Prepaid,Invoice,,,142,EGP,7,1,1,,0.00,No
69VED3RS,6221319273396,2324208303,B0DBVSB9VM,,"Junior Baby Boy Romper, Patterned Gray, 3 Months",EGP 222.37,0%,222.37,2,,2,0,0,03-ГЫУШУ-2025,14-ГЫУШУ-2025,Delivery,03-ГЫУШУ-2025,AC - Accepted: In stock,,399U9,SPX5,,Unconfirmed,02-ГЫУШУ-2025,NO,Prepaid,Invoice,,,142,EGP,7,1,1,,0.00,No
69VED3RS,6221319279923,2324213712,B0DBVSCQCX,,"Junior Baby Boy Romper, White * Peachy, 12 Months",EGP 242.32,0%,242.32,2,,2,0,0,03-ГЫУШУ-2025,14-ГЫУШУ-2025,Delivery,03-ГЫУШУ-2025,AC - Accepted: In stock,,399U9,SPX5,,Unconfirmed,02-ГЫУШУ-2025,NO,Prepaid,Invoice,,,142,EGP,7,1,1,,0.00,No
69VED3RS,6221319269344,2324267206,B0DBVSCQDM,,"Junior Baby Girl Romper, White * Yellow, 6 Months",EGP 242.32,0%,242.32,1,,1,0,0,03-ГЫУШУ-2025,14-ГЫУШУ-2025,Delivery,03-ГЫУШУ-2025,AC - Accepted: In stock,,399U9,SPX5,,Unconfirmed,02-ГЫУШУ-2025,NO,Prepaid,Invoice,,,142,EGP,7,1,1,,0.00,No
69VED3RS,6221319277998,2324211709,B0DBVSDW47,,"Junior Baby Boy Pajama Set, Ecru * Patterned Desert Beige, 9 Months",EGP 242.32,0%,242.32,2,,2,0,0,03-ГЫУШУ-2025,14-ГЫУШУ-2025,Delivery,03-ГЫУШУ-2025,AC - Accepted: In stock,,399U9,SPX5,,Unconfirmed,02-ГЫУШУ-2025,NO,Prepaid,Invoice,,,142,EGP,7,1,1,,0.00,No
69VED3RS,6221319279329,2324212824,B0DBVSHF4Z,,"Junior Baby Boy Pajama Set, Patterned White * Indego, 24 Months",EGP 242.32,0%,242.32,2,,2,0,0,03-ГЫУШУ-2025,14-ГЫУШУ-2025,Delivery,03-ГЫУШУ-2025,AC - Accepted: In stock,,399U9,SPX5,,Unconfirmed,02-ГЫУШУ-2025,NO,Prepaid,Invoice,,,142,EGP,7,1,1,,0.00,No
69VED3RS,6221319274645,2324209309,B0DBVSJ2KK,,"Junior Baby Boy Romper, Yellow * Blue Jay, 9 Months",EGP 205.26,0%,205.26,3,,3,0,0,03-ГЫУШУ-2025,14-ГЫУШУ-2025,Delivery,03-ГЫУШУ-2025,AC - Accepted: In stock,,399U9,SPX5,,Unconfirmed,02-ГЫУШУ-2025,NO,Prepaid,Invoice,,,142,EGP,7,1,1,,0.00,No
69VED3RS,6221319272504,2324270403,B0DBVSJK58,,"Junior Baby Girl Romper with Jacket, Patterned Baby Pink * Peachy, 3 Months",EGP 342.11,0%,342.11,1,,1,0,0,03-ГЫУШУ-2025,14-ГЫУШУ-2025,Delivery,03-ГЫУШУ-2025,AC - Accepted: In stock,,399U9,SPX5,,Unconfirmed,02-ГЫУШУ-2025,NO,Prepaid,Invoice,,,142,EGP,7,1,1,,0.00,No
69VED3RS,6221319276397,2324210609,B0DBVSLYML,,"Junior Baby Boy Pajama Set, Opal Green * Ecru, 9 Months",EGP 242.32,0%,242.32,3,,3,0,0,03-ГЫУШУ-2025,14-ГЫУШУ-2025,Delivery,03-ГЫУШУ-2025,AC - Accepted: In stock,,399U9,SPX5,,Unconfirmed,02-ГЫУШУ-2025,NO,Prepaid,Invoice,,,142,EGP,7,1,1,,0.00,No
69VED3RS,6221319271545,2324269312,B0DBVSM1SN,,"Junior Baby Girl Hooded Romper, Patterned Baby Pink, 12 Months",EGP 222.37,0%,222.37,2,,2,0,0,03-ГЫУШУ-2025,14-ГЫУШУ-2025,Delivery,03-ГЫУШУ-2025,AC - Accepted: In stock,,399U9,SPX5,,Unconfirmed,02-ГЫУШУ-2025,NO,Prepaid,Invoice,,,142,EGP,7,1,1,,0.00,No
69VED3RS,6221319273600,2324271403,B0DBVSMKDB,,"Junior Baby Girl Romper, Salmon * Patterned Light Gray, 3 Months",EGP 205.26,0%,205.26,5,,5,0,0,03-ГЫУШУ-2025,14-ГЫУШУ-2025,Delivery,03-ГЫУШУ-2025,AC - Accepted: In stock,,399U9,SPX5,,Unconfirmed,02-ГЫУШУ-2025,NO,Prepaid,Invoice,,,142,EGP,7,1,1,,0.00,No
69VED3RS,6221319275390,2324209612,B0DBVSMLGH,,"Junior Baby Boy Pajama Set, Patterned Gray * Blue Jay, 12 Months",EGP 259.43,0%,259.43,5,,5,0,0,03-ГЫУШУ-2025,14-ГЫУШУ-2025,Delivery,03-ГЫУШУ-2025,AC - Accepted: In stock,,399U9,SPX5,,Unconfirmed,02-ГЫУШУ-2025,NO,Prepaid,Invoice,,,142,EGP,7,1,1,,0.00,No
69VED3RS,6221319278803,2324212609,B0DBVSMS34,,"Junior Baby Boy Romper, Patterned White * Indego, 9 Months",EGP 205.26,0%,205.26,1,,1,0,0,03-ГЫУШУ-2025,14-ГЫУШУ-2025,Delivery,03-ГЫУШУ-2025,AC - Accepted: In stock,,399U9,SPX5,,Unconfirmed,02-ГЫУШУ-2025,NO,Prepaid,Invoice,,,142,EGP,7,1,1,,0.00,No
69VED3RS,6221319273150,2324270618,B0DBVSMS49,,"Junior Baby Girl Pajama Set, Peachy * Porpoise Gray, 18 Months",EGP 242.32,0%,242.32,9,,9,0,0,03-ГЫУШУ-2025,14-ГЫУШУ-2025,Delivery,03-ГЫУШУ-2025,AC - Accepted: In stock,,399U9,SPX5,,Unconfirmed,02-ГЫУШУ-2025,NO,Prepaid,Invoice,,,142,EGP,7,1,1,,0.00,No
69VED3RS,6221319272344,2324270303,B0DBVSMWJ1,,"Junior Baby Girl Romper, Patterned Baby Pink, 3 Months",EGP 205.26,0%,205.26,2,,2,0,0,03-ГЫУШУ-2025,14-ГЫУШУ-2025,Delivery,03-ГЫУШУ-2025,AC - Accepted: In stock,,399U9,SPX5,,Unconfirmed,02-ГЫУШУ-2025,NO,Prepaid,Invoice,,,142,EGP,7,1,1,,0.00,No
69VED3RS,6221319270586,2324268309,B0DBVSPPYM,,"Junior Baby Girl Pajama Set, Pale Pink * Patterned White, 9 Months",EGP 242.32,0%,242.32,3,,3,0,0,03-ГЫУШУ-2025,14-ГЫУШУ-2025,Delivery,03-ГЫУШУ-2025,AC - Accepted: In stock,,399U9,SPX5,,Unconfirmed,02-ГЫУШУ-2025,NO,Prepaid,Invoice,,,142,EGP,7,1,1,,0.00,No
69VED3RS,6221319271620,2324269406,B0DBVSRBW5,,"Junior Baby Girl Pajama Set, Candy Pink * Patterned Baby Pink, 6 Months",EGP 242.32,0%,242.32,1,,1,0,0,03-ГЫУШУ-2025,14-ГЫУШУ-2025,Delivery,03-ГЫУШУ-2025,AC - Accepted: In stock,,399U9,SPX5,,Unconfirmed,02-ГЫУШУ-2025,NO,Prepaid,Invoice,,,142,EGP,7,1,1,,0.00,No
69VED3RS,6221319277042,2324211103,B0DBVSSWLP,,"Junior Baby Boy Beanie, Opal Green * Ecru, 3 Months",EGP 99.78,0%,99.78,4,,4,0,0,03-ГЫУШУ-2025,14-ГЫУШУ-2025,Delivery,03-ГЫУШУ-2025,AC - Accepted: In stock,,399U9,SPX5,,Unconfirmed,02-ГЫУШУ-2025,NO,Prepaid,Invoice,,,142,EGP,7,1,1,,0.00,No
69VED3RS,6221319274591,2324209306,B0DBVST8P1,,"Junior Baby Boy Romper, Yellow * Blue Jay, 6 Months",EGP 205.26,0%,205.26,4,,4,0,0,03-ГЫУШУ-2025,14-ГЫУШУ-2025,Delivery,03-ГЫУШУ-2025,AC - Accepted: In stock,,399U9,SPX5,,Unconfirmed,02-ГЫУШУ-2025,NO,Prepaid,Invoice,,,142,EGP,7,1,1,,0.00,No
69VED3RS,6221319275444,2324209618,B0DBVSVRTX,,"Junior Baby Boy Pajama Set, Patterned Gray * Blue Jay, 18 Months",EGP 259.43,0%,259.43,2,,2,0,0,03-ГЫУШУ-2025,14-ГЫУШУ-2025,Delivery,03-ГЫУШУ-2025,AC - Accepted: In stock,,399U9,SPX5,,Unconfirmed,02-ГЫУШУ-2025,NO,Prepaid,Invoice,,,142,EGP,7,1,1,,0.00,No
69VED3RS,6221319276496,2324210618,B0DBVSXYZC,,"Junior Baby Boy Pajama Set, Opal Green * Ecru, 18 Months",EGP 242.32,0%,242.32,13,,13,0,0,03-ГЫУШУ-2025,14-ГЫУШУ-2025,Delivery,03-ГЫУШУ-2025,AC - Accepted: In stock,,399U9,SPX5,,Unconfirmed,02-ГЫУШУ-2025,NO,Prepaid,Invoice,,,142,EGP,7,1,1,,0.00,No
69VED3RS,6221319275192,2324209524,B0DBVSY9LD,,"Junior Baby Boy Pajama Set, Yellow * Patterned Gray, 24 Months",EGP 242.32,0%,242.32,4,,4,0,0,03-ГЫУШУ-2025,14-ГЫУШУ-2025,Delivery,03-ГЫУШУ-2025,AC - Accepted: In stock,,399U9,SPX5,,Unconfirmed,02-ГЫУШУ-2025,NO,Prepaid,Invoice,,,142,EGP,7,1,1,,0.00,No
69VED3RS,6221319277646,2324211606,B0DBVSYGN2,,"Junior Baby Boy Pajama Set, Patterned Desert Beige * Ecru, 6 Months",EGP 242.32,0%,242.32,1,,1,0,0,03-ГЫУШУ-2025,14-ГЫУШУ-2025,Delivery,03-ГЫУШУ-2025,AC - Accepted: In stock,,399U9,SPX5,,Unconfirmed,02-ГЫУШУ-2025,NO,Prepaid,Invoice,,,142,EGP,7,1,1,,0.00,No
69VED3RS,6221319271668,2324269409,B0DBVSZPY1,,"Junior Baby Girl Pajama Set, Candy Pink * Patterned Baby Pink, 9 Months",EGP 242.32,0%,242.32,2,,2,0,0,03-ГЫУШУ-2025,14-ГЫУШУ-2025,Delivery,03-ГЫУШУ-2025,AC - Accepted: In stock,,399U9,SPX5,,Unconfirmed,02-ГЫУШУ-2025,NO,Prepaid,Invoice,,,142,EGP,7,1,1,,0.00,No
69VED3RS,6221319278049,2324211712,B0DBVSZWRL,,"Junior Baby Boy Pajama Set, Ecru * Patterned Desert Beige, 12 Months",EGP 242.32,0%,242.32,3,,3,0,0,03-ГЫУШУ-2025,14-ГЫУШУ-2025,Delivery,03-ГЫУШУ-2025,AC - Accepted: In stock,,399U9,SPX5,,Unconfirmed,02-ГЫУШУ-2025,NO,Prepaid,Invoice,,,142,EGP,7,1,1,,0.00,No
69VED3RS,6221319278841,2324212612,B0DBVT27MP,,"Junior Baby Boy Romper, Patterned White * Indego, 12 Months",EGP 205.26,0%,205.26,3,,3,0,0,03-ГЫУШУ-2025,14-ГЫУШУ-2025,Delivery,03-ГЫУШУ-2025,AC - Accepted: In stock,,399U9,SPX5,,Unconfirmed,02-ГЫУШУ-2025,NO,Prepaid,Invoice,,,142,EGP,7,1,1,,0.00,No
69VED3RS,6221319272139,2324207209,B0DBVT2VJH,,"Junior Baby Boy Romper, Patterned Ecru * Baby Blue, 9 Months",EGP 205.26,0%,205.26,2,,2,0,0,03-ГЫУШУ-2025,14-ГЫУШУ-2025,Delivery,03-ГЫУШУ-2025,AC - Accepted: In stock,,399U9,SPX5,,Unconfirmed,02-ГЫУШУ-2025,NO,Prepaid,Invoice,,,142,EGP,7,1,1,,0.00,No
69VED3RS,6221319275345,2324209609,B0DBVT3M79,,"Junior Baby Boy Pajama Set, Patterned Gray * Blue Jay, 9 Months",EGP 259.43,0%,259.43,2,,2,0,0,03-ГЫУШУ-2025,14-ГЫУШУ-2025,Delivery,03-ГЫУШУ-2025,AC - Accepted: In stock,,399U9,SPX5,,Unconfirmed,02-ГЫУШУ-2025,NO,Prepaid,Invoice,,,142,EGP,7,1,1,,0.00,No
69VED3RS,6221319279640,2324213603,B0DBVT4RDG,,"Junior Baby Boy Romper, Patterned White * Peachy, 3 Months",EGP 205.26,0%,205.26,4,,4,0,0,03-ГЫУШУ-2025,14-ГЫУШУ-2025,Delivery,03-ГЫУШУ-2025,AC - Accepted: In stock,,399U9,SPX5,,Unconfirmed,02-ГЫУШУ-2025,NO,Prepaid,Invoice,,,142,EGP,7,1,1,,0.00,No
69VED3RS,6221319271422,2324269303,B0DBVT4RDK,,"Junior Baby Girl Hooded Romper, Patterned Baby Pink, 3 Months",EGP 222.37,0%,222.37,7,,7,0,0,03-ГЫУШУ-2025,14-ГЫУШУ-2025,Delivery,03-ГЫУШУ-2025,AC - Accepted: In stock,,399U9,SPX5,,Unconfirmed,02-ГЫУШУ-2025,NO,Prepaid,Invoice,,,142,EGP,7,1,1,,0.00,No
69VED3RS,6221319279800,2324213703,B0DBVT5BQZ,,"Junior Baby Boy Romper, White * Peachy, 3 Months",EGP 242.32,0%,242.32,1,,1,0,0,03-ГЫУШУ-2025,14-ГЫУШУ-2025,Delivery,03-ГЫУШУ-2025,AC - Accepted: In stock,,399U9,SPX5,,Unconfirmed,02-ГЫУШУ-2025,NO,Prepaid,Invoice,,,142,EGP,7,1,1,,0.00,No
69VED3RS,6221319276694,2324210709,B0DBVT5DMK,,"Junior Baby Boy Pajama Set, Opal Green * Ecru, 9 Months",EGP 242.32,0%,242.32,3,,3,0,0,03-ГЫУШУ-2025,14-ГЫУШУ-2025,Delivery,03-ГЫУШУ-2025,AC - Accepted: In stock,,399U9,SPX5,,Unconfirmed,02-ГЫУШУ-2025,NO,Prepaid,Invoice,,,142,EGP,7,1,1,,0.00,No
69VED3RS,6221319272221,2324270003,B0DBVTHC5P,,"Junior Baby Girl Beanie P/2, Patterned Baby Pink * Candy Pink, 3 Months",EGP 99.78,0%,99.78,2,,2,0,0,03-ГЫУШУ-2025,14-ГЫУШУ-2025,Delivery,03-ГЫУШУ-2025,AC - Accepted: In stock,,399U9,SPX5,,Unconfirmed,02-ГЫУШУ-2025,NO,Prepaid,Invoice,,,142,EGP,7,1,1,,0.00,No
69VED3RS,6221319274959,2324272503,B0DBVTJ9D8,,"Junior Baby Girl Romper, Patterned Slate Gray * Nude Pink, 3 Months",EGP 205.26,0%,205.26,2,,2,0,0,03-ГЫУШУ-2025,14-ГЫУШУ-2025,Delivery,03-ГЫУШУ-2025,AC - Accepted: In stock,,399U9,SPX5,,Unconfirmed,02-ГЫУШУ-2025,NO,Prepaid,Invoice,,,142,EGP,7,1,1,,0.00,No
69VED3RS,6221319270906,2324268418,B0DBVTJVD6,,"Junior Baby Girl Pajama Set, Patterned White * Pale Pink, 18 Months",EGP 242.32,0%,242.32,2,,2,0,0,03-ГЫУШУ-2025,14-ГЫУШУ-2025,Delivery,03-ГЫУШУ-2025,AC - Accepted: In stock,,399U9,SPX5,,Unconfirmed,02-ГЫУШУ-2025,NO,Prepaid,Invoice,,,142,EGP,7,1,1,,0.00,No
69VED3RS,6221319269740,2324267406,B0DBVTK2G6,,"Junior Baby Girl Pajama Set, Yellow * Patterned White, 6 Months",EGP 242.32,0%,242.32,8,,8,0,0,03-ГЫУШУ-2025,14-ГЫУШУ-2025,Delivery,03-ГЫУШУ-2025,AC - Accepted: In stock,,399U9,SPX5,,Unconfirmed,02-ГЫУШУ-2025,NO,Prepaid,Invoice,,,142,EGP,7,1,1,,0.00,No
69VED3RS,6221319269382,2324267209,B0DBVTK4D3,,"Junior Baby Girl Romper, White * Yellow, 9 Months",EGP 242.32,0%,242.32,1,,1,0,0,03-ГЫУШУ-2025,14-ГЫУШУ-2025,Delivery,03-ГЫУШУ-2025,AC - Accepted: In stock,,399U9,SPX5,,Unconfirmed,02-ГЫУШУ-2025,NO,Prepaid,Invoice,,,142,EGP,7,1,1,,0.00,No
69VED3RS,6221319274898,2324209412,B0DBVTKP5K,,"Junior Baby Boy Romper, Patterned Gray, 12 Months",EGP 222.37,0%,222.37,1,,1,0,0,03-ГЫУШУ-2025,14-ГЫУШУ-2025,Delivery,03-ГЫУШУ-2025,AC - Accepted: In stock,,399U9,SPX5,,Unconfirmed,02-ГЫУШУ-2025,NO,Prepaid,Invoice,,,142,EGP,7,1,1,,0.00,No
69VED3RS,6221319277196,2324211403,B0DBVTMSPQ,,"Junior Baby Boy Hooded Romper, Patterned Beige, 3 Months",EGP 222.37,0%,222.37,4,,4,0,0,03-ГЫУШУ-2025,14-ГЫУШУ-2025,Delivery,03-ГЫУШУ-2025,AC - Accepted: In stock,,399U9,SPX5,,Unconfirmed,02-ГЫУШУ-2025,NO,Prepaid,Invoice,,,142,EGP,7,1,1,,0.00,No
69VED3RS,6221319276441,2324210612,B0DBVTNMK6,,"Junior Baby Boy Pajama Set, Opal Green * Ecru, 12 Months",EGP 242.32,0%,242.32,7,,7,0,0,03-ГЫУШУ-2025,14-ГЫУШУ-2025,Delivery,03-ГЫУШУ-2025,AC - Accepted: In stock,,399U9,SPX5,,Unconfirmed,02-ГЫУШУ-2025,NO,Prepaid,Invoice,,,142,EGP,7,1,1,,0.00,No
69VED3RS,6221319272214,2324207303,B0DBVTTB7G,,"Junior Baby Boy Romper, Patterned Ecru * Baby Blue, 3 Months",EGP 205.26,0%,205.26,3,,3,0,0,03-ГЫУШУ-2025,14-ГЫУШУ-2025,Delivery,03-ГЫУШУ-2025,AC - Accepted: In stock,,399U9,SPX5,,Unconfirmed,02-ГЫУШУ-2025,NO,Prepaid,Invoice,,,142,EGP,7,1,1,,0.00,No
69VED3RS,6221319275208,2324272606,B0DBVTXBYG,,"Junior Baby Girl Romper, Nude Pink, 6 Months",EGP 205.26,0%,205.26,10,,10,0,0,03-ГЫУШУ-2025,14-ГЫУШУ-2025,Delivery,03-ГЫУШУ-2025,AC - Accepted: In stock,,399U9,SPX5,,Unconfirmed,02-ГЫУШУ-2025,NO,Prepaid,Invoice,,,142,EGP,7,1,1,,0.00,No
69VED3RS,6221319279763,2324213612,B0DBVTXWLH,,"Junior Baby Boy Romper, Patterned White * Peachy, 12 Months",EGP 205.26,0%,205.26,2,,2,0,0,03-ГЫУШУ-2025,14-ГЫУШУ-2025,Delivery,03-ГЫУШУ-2025,AC - Accepted: In stock,,399U9,SPX5,,Unconfirmed,02-ГЫУШУ-2025,NO,Prepaid,Invoice,,,142,EGP,7,1,1,,0.00,No
69VED3RS,6221319272467,2324270312,B0DBVTYFFB,,"Junior Baby Girl Romper, Patterned Baby Pink, 12 Months",EGP 205.26,0%,205.26,5,,5,0,0,03-ГЫУШУ-2025,14-ГЫУШУ-2025,Delivery,03-ГЫУШУ-2025,AC - Accepted: In stock,,399U9,SPX5,,Unconfirmed,02-ГЫУШУ-2025,NO,Prepaid,Invoice,,,142,EGP,7,1,1,,0.00,No
69VED3RS,6221319280080,2324213812,B0DBVTZPF8,,"Junior Baby Boy Pajama Set, Peachy * Patterned White, 12 Months",EGP 242.32,0%,242.32,2,,2,0,0,03-ГЫУШУ-2025,14-ГЫУШУ-2025,Delivery,03-ГЫУШУ-2025,AC - Accepted: In stock,,399U9,SPX5,,Unconfirmed,02-ГЫУШУ-2025,NO,Prepaid,Invoice,,,142,EGP,7,1,1,,0.00,No
69VED3RS,6221319277202,2324273824,B0DBVTZPHX,,"Junior Baby Girl Pajama Set, Pale Brown * Patterned Gray, 24 Months",EGP 259.43,0%,259.43,2,,2,0,0,03-ГЫУШУ-2025,14-ГЫУШУ-2025,Delivery,03-ГЫУШУ-2025,AC - Accepted: In stock,,399U9,SPX5,,Unconfirmed,02-ГЫУШУ-2025,NO,Prepaid,Invoice,,,142,EGP,7,1,1,,0.00,No
69VED3RS,6221319270623,2324268312,B0DBVV2PNF,,"Junior Baby Girl Pajama Set, Pale Pink * Patterned White, 12 Months",EGP 242.32,0%,242.32,3,,3,0,0,03-ГЫУШУ-2025,14-ГЫУШУ-2025,Delivery,03-ГЫУШУ-2025,AC - Accepted: In stock,,399U9,SPX5,,Unconfirmed,02-ГЫУШУ-2025,NO,Prepaid,Invoice,,,142,EGP,7,1,1,,0.00,No
69VED3RS,6221319274799,2324209406,B0DBVV5HXF,,"Junior Baby Boy Romper, Patterned Gray, 6 Months",EGP 222.37,0%,222.37,2,,2,0,0,03-ГЫУШУ-2025,14-ГЫУШУ-2025,Delivery,03-ГЫУШУ-2025,AC - Accepted: In stock,,399U9,SPX5,,Unconfirmed,02-ГЫУШУ-2025,NO,Prepaid,Invoice,,,142,EGP,7,1,1,,0.00,No
69VED3RS,6221319274256,2324271624,B0DBVV8RNM,,"Junior Baby Girl Pajama Set, Salmon * Patterned Light Gray, 24 Months",EGP 242.32,0%,242.32,2,,2,0,0,03-ГЫУШУ-2025,14-ГЫУШУ-2025,Delivery,03-ГЫУШУ-2025,AC - Accepted: In stock,,399U9,SPX5,,Unconfirmed,02-ГЫУШУ-2025,NO,Prepaid,Invoice,,,142,EGP,7,1,1,,0.00,No
69VED3RS,6221319276908,2324273724,B0DBVVBM8C,,"Junior Baby Girl Pajama Set, Pale Brown * Patterned Gray, 24 Months",EGP 242.32,0%,242.32,1,,1,0,0,03-ГЫУШУ-2025,14-ГЫУШУ-2025,Delivery,03-ГЫУШУ-2025,AC - Accepted: In stock,,399U9,SPX5,,Unconfirmed,02-ГЫУШУ-2025,NO,Prepaid,Invoice,,,142,EGP,7,1,1,,0.00,No
69VED3RS,6221319274294,2324208803,B0DC3GC941,,"Junior Baby Boy Swaddle, Patterned Gray * Ercu, 3 Months",EGP 316.45,0%,316.45,1,,1,0,0,03-ГЫУШУ-2025,14-ГЫУШУ-2025,Delivery,03-ГЫУШУ-2025,AC - Accepted: In stock,,399U9,SPX5,,Unconfirmed,02-ГЫУШУ-2025,NO,Prepaid,Invoice,,,142,EGP,7,1,1,,0.00,No
69VED3RS,6221319276007,2324273003,B0DC3J9JT3,,"Junior Baby Girl Blanket, Patterned Marble Blue * Nude Pink, 3 Months",EGP 202.41,0%,202.41,4,,4,0,0,03-ГЫУШУ-2025,14-ГЫУШУ-2025,Delivery,03-ГЫУШУ-2025,AC - Accepted: In stock,,399U9,SPX5,,Unconfirmed,02-ГЫУШУ-2025,NO,Prepaid,Invoice,,,142,EGP,7,1,1,,0.00,No
69VED3RS,6221319274195,2324208603,B0DC3KCMPT,,"Junior Baby Boy Blanket, Patterned Gray * Ercu, 3 Months",EGP 202.41,0%,202.41,1,,1,0,0,03-ГЫУШУ-2025,14-ГЫУШУ-2025,Delivery,03-ГЫУШУ-2025,AC - Accepted: In stock,,399U9,SPX5,,Unconfirmed,02-ГЫУШУ-2025,NO,Prepaid,Invoice,,,142,EGP,7,1,1,,0.00,No
69VED3RS,6221319271064,2324268703,B0DC3KWVM5,,"Junior Baby Girl Swaddle, Patterned White * Pale Pink, 3 Months",EGP 316.45,0%,316.45,2,,2,0,0,03-ГЫУШУ-2025,14-ГЫУШУ-2025,Delivery,03-ГЫУШУ-2025,AC - Accepted: In stock,,399U9,SPX5,,Unconfirmed,02-ГЫУШУ-2025,NO,Prepaid,Invoice,,,142,EGP,7,1,1,,0.00,No
69VED3RS,6221319273501,2324271203,B0DC3MPS5N,,"Junior Baby Girl Mittens P/2, Patterned Baby Pink * Porpoise Gray, 3 Months",EGP 74.12,0%,74.12,1,,1,0,0,03-ГЫУШУ-2025,14-ГЫУШУ-2025,Delivery,03-ГЫУШУ-2025,AC - Accepted: In stock,,399U9,SPX5,,Unconfirmed,02-ГЫУШУ-2025,NO,Prepaid,Invoice,,,142,EGP,7,1,1,,0.00,No
69VED3RS,6221319278193,2324211803,B0DC3MZ4RP,,"Junior Baby Boy Blanket, Patterned Beige * Ecru, 3 Months",EGP 202.41,0%,202.41,1,,1,0,0,03-ГЫУШУ-2025,14-ГЫУШУ-2025,Delivery,03-ГЫУШУ-2025,AC - Accepted: In stock,,399U9,SPX5,,Unconfirmed,02-ГЫУШУ-2025,NO,Prepaid,Invoice,,,142,EGP,7,1,1,,0.00,No
69VED3RS,6221319274850,2324272303,B0DC3NCDYZ,,"Junior Baby Girl Mittens P/2, Orange * Patterned Gray, 3 Months",EGP 74.12,0%,74.12,4,,4,0,0,03-ГЫУШУ-2025,14-ГЫУШУ-2025,Delivery,03-ГЫУШУ-2025,AC - Accepted: In stock,,399U9,SPX5,,Unconfirmed,02-ГЫУШУ-2025,NO,Prepaid,Invoice,,,142,EGP,7,1,1,,0.00,No
69VED3RS,6221319274607,2324271803,B0DC3PMLV3,,"Junior Baby Girl Blanket, Salmon * Patterned Light Gray, 3 Months",EGP 202.41,0%,202.41,3,,3,0,0,03-ГЫУШУ-2025,14-ГЫУШУ-2025,Delivery,03-ГЫУШУ-2025,AC - Accepted: In stock,,399U9,SPX5,,Unconfirmed,02-ГЫУШУ-2025,NO,Prepaid,Invoice,,,142,EGP,7,1,1,,0.00,No
69VED3RS,6221319273259,2324270703,B0DC3QBJTB,,"Junior Baby Girl Blanket, Peachy * Patterned Baby Pink, 3 Months",EGP 202.41,0%,202.41,3,,3,0,0,03-ГЫУШУ-2025,14-ГЫУШУ-2025,Delivery,03-ГЫУШУ-2025,AC - Accepted: In stock,,399U9,SPX5,,Unconfirmed,02-ГЫУШУ-2025,NO,Prepaid,Invoice,,,142,EGP,7,1,1,,0.00,No
69VED3RS,6221319273303,2324270803,B0DC3QCMQC,,"Junior Baby Girl Blanket, Patterned Baby pink * Peachy, 3 Months",EGP 202.41,0%,202.41,8,,8,0,0,03-ГЫУШУ-2025,14-ГЫУШУ-2025,Delivery,03-ГЫУШУ-2025,AC - Accepted: In stock,,399U9,SPX5,,Unconfirmed,02-ГЫУШУ-2025,NO,Prepaid,Invoice,,,142,EGP,7,1,1,,0.00,No
69VED3RS,6221319279367,2324212903,B0DC3QDTYW,,"Junior Baby Boy Blanket, Indego * Patterned White, 3 Months",EGP 202.41,0%,202.41,3,,3,0,0,03-ГЫУШУ-2025,14-ГЫУШУ-2025,Delivery,03-ГЫУШУ-2025,AC - Accepted: In stock,,399U9,SPX5,,Unconfirmed,02-ГЫУШУ-2025,NO,Prepaid,Invoice,,,142,EGP,7,1,1,,0.00,No
69VED3RS,6221319270982,2324268503,B0DC3QH2KZ,,"Junior Baby Girl Blanket, Pale Pink * Patterned White, 3 Months",EGP 202.41,0%,202.41,4,,4,0,0,03-ГЫУШУ-2025,14-ГЫУШУ-2025,Delivery,03-ГЫУШУ-2025,AC - Accepted: In stock,,399U9,SPX5,,Unconfirmed,02-ГЫУШУ-2025,NO,Prepaid,Invoice,,,142,EGP,7,1,1,,0.00,No
69VED3RS,6221319273358,2324270903,B0DC3RQ5C4,,"Junior Baby Girl Swaddle, Patterned Baby Pink * Peachy, 3 Months",EGP 316.45,0%,316.45,3,,3,0,0,03-ГЫУШУ-2025,14-ГЫУШУ-2025,Delivery,03-ГЫУШУ-2025,AC - Accepted: In stock,,399U9,SPX5,,Unconfirmed,02-ГЫУШУ-2025,NO,Prepaid,Invoice,,,142,EGP,7,1,1,,0.00,No
69VED3RS,6221319275543,2324209703,B0DC3SQNDT,,"Junior Baby Boy Blanket, Yellow * Blue Jay, 3 Months",EGP 202.41,0%,202.41,1,,1,0,0,03-ГЫУШУ-2025,14-ГЫУШУ-2025,Delivery,03-ГЫУШУ-2025,AC - Accepted: In stock,,399U9,SPX5,,Unconfirmed,02-ГЫУШУ-2025,NO,Prepaid,Invoice,,,142,EGP,7,1,1,,0.00,No
69VED3RS,6221319275642,2324209903,B0DC3WQC5K,,"Junior Baby Boy Swaddle, Patterned Gray * Yellow, 3 Months",EGP 316.45,0%,316.45,1,,1,0,0,03-ГЫУШУ-2025,14-ГЫУШУ-2025,Delivery,03-ГЫУШУ-2025,AC - Accepted: In stock,,399U9,SPX5,,Unconfirmed,02-ГЫУШУ-2025,NO,Prepaid,Invoice,,,142,EGP,7,1,1,,0.00,No
69VED3RS,6221319277257,2324273903,B0DC3XQ9ZW,,"Junior Baby Girl Blanket, Printed Nude Beige * Gray, 3 Months",EGP 202.41,0%,202.41,1,,1,0,0,03-ГЫУШУ-2025,14-ГЫУШУ-2025,Delivery,03-ГЫУШУ-2025,AC - Accepted: In stock,,399U9,SPX5,,Unconfirmed,02-ГЫУШУ-2025,NO,Prepaid,Invoice,,,142,EGP,7,1,1,,0.00,No
69VED3RS,6221319277301,2324274003,B0DC47C122,,"Junior Baby Girl Blanket, Patterned Gray * Nude Beige, 3 Months",EGP 202.41,0%,202.41,1,,1,0,0,03-ГЫУШУ-2025,14-ГЫУШУ-2025,Delivery,03-ГЫУШУ-2025,AC - Accepted: In stock,,399U9,SPX5,,Unconfirmed,02-ГЫУШУ-2025,NO,Prepaid,Invoice,,,142,EGP,7,1,1,,0.00,No
69VED3RS,6221319276151,2324273303,B0DC4937J6,,"Junior Baby Girl Mittens P/2, Patterned Marble Blue * Nude Pink, 3 Months",EGP 74.12,0%,74.12,6,,6,0,0,03-ГЫУШУ-2025,14-ГЫУШУ-2025,Delivery,03-ГЫУШУ-2025,AC - Accepted: In stock,,399U9,SPX5,,Unconfirmed,02-ГЫУШУ-2025,NO,Prepaid,Invoice,,,142,EGP,7,1,1,,0.00,No
69VED3RS,6221319274652,2324271903,B0DC494T96,,"Junior Baby Girl Blanket, Patterned Light Gray * Salmon, 3 Months",EGP 202.41,0%,202.41,5,,5,0,0,03-ГЫУШУ-2025,14-ГЫУШУ-2025,Delivery,03-ГЫУШУ-2025,AC - Accepted: In stock,,399U9,SPX5,,Unconfirmed,02-ГЫУШУ-2025,NO,Prepaid,Invoice,,,142,EGP,7,1,1,,0.00,No
69VED3RS,6221319270142,2324268003,B0DC5CT2LS,,"Junior Baby Girl Booties P/2, Yellow * Patterned White, 3 Months",EGP 145.39,0%,145.39,1,,1,0,0,03-ГЫУШУ-2025,14-ГЫУШУ-2025,Delivery,03-ГЫУШУ-2025,AC - Accepted: In stock,,399U9,SPX5,,Unconfirmed,02-ГЫУШУ-2025,NO,Prepaid,Invoice,,,142,EGP,7,1,1,,0.00,No
69VED3RS,6221319299785,5225951410,B0DCZT2J6P,,"Junior Girl Plain Cotton Colon, 10 Years",EGP 82.68,0%,82.68,1,,1,0,0,03-ГЫУШУ-2025,14-ГЫУШУ-2025,Delivery,03-ГЫУШУ-2025,AC - Accepted: In stock,,399U9,SPX5,,Unconfirmed,02-ГЫУШУ-2025,NO,Prepaid,Invoice,,,142,EGP,7,1,1,,0.00,No
69VED3RS,6221319300337,5225951204,B0DCZTJ3VC,,"Junior Girl Plain Cotton Colon, 4 Years",EGP 82.68,0%,82.68,1,,1,0,0,03-ГЫУШУ-2025,14-ГЫУШУ-2025,Delivery,03-ГЫУШУ-2025,AC - Accepted: In stock,,399U9,SPX5,,Unconfirmed,02-ГЫУШУ-2025,NO,Prepaid,Invoice,,,142,EGP,7,1,1,,0.00,No
69VED3RS,6221319300122,5125901502,B0DCZTTV4C,,"Junior Baby Girl Cotton Plain Colon,2 Year, NAVY",EGP 68.42,0%,68.42,3,,3,0,0,03-ГЫУШУ-2025,14-ГЫУШУ-2025,Delivery,03-ГЫУШУ-2025,AC - Accepted: In stock,,399U9,SPX5,,Unconfirmed,02-ГЫУШУ-2025,NO,Prepaid,Invoice,,,142,EGP,7,1,1,,0.00,No
69VED3RS,6221319299754,5225951504,B0DCZV12R7,,"Junior Girl Plain Cotton Colon, 4 Years",EGP 82.68,0%,82.68,1,,1,0,0,03-ГЫУШУ-2025,14-ГЫУШУ-2025,Delivery,03-ГЫУШУ-2025,AC - Accepted: In stock,,399U9,SPX5,,Unconfirmed,02-ГЫУШУ-2025,NO,Prepaid,Invoice,,,142,EGP,7,1,1,,0.00,No
69VED3RS,6221319300368,5125901100,B0DCZW3KH1,,"Junior Baby Girl Cotton Plain Colon, 6 Months, White",EGP 68.42,0%,68.42,2,,2,0,0,03-ГЫУШУ-2025,14-ГЫУШУ-2025,Delivery,03-ГЫУШУ-2025,AC - Accepted: In stock,,399U9,SPX5,,Unconfirmed,02-ГЫУШУ-2025,NO,Prepaid,Invoice,,,142,EGP,7,1,1,,0.00,No
69VED3RS,6221319299808,5225951406,B0DCZW4KC4,,"Junior Girl Plain Cotton Colon, 6 Years",EGP 82.68,0%,82.68,1,,1,0,0,03-ГЫУШУ-2025,14-ГЫУШУ-2025,Delivery,03-ГЫУШУ-2025,AC - Accepted: In stock,,399U9,SPX5,,Unconfirmed,02-ГЫУШУ-2025,NO,Prepaid,Invoice,,,142,EGP,7,1,1,,0.00,No
69VED3RS,6221319300399,5225951104,B0DCZW7FDT,,"Junior Girl Plain Cotton Colon, 4 Years",EGP 82.68,0%,82.68,1,,1,0,0,03-ГЫУШУ-2025,14-ГЫУШУ-2025,Delivery,03-ГЫУШУ-2025,AC - Accepted: In stock,,399U9,SPX5,,Unconfirmed,02-ГЫУШУ-2025,NO,Prepaid,Invoice,,,142,EGP,7,1,1,,0.00,No
69VED3RS,6221319300177,5125901400,B0DCZWDP4J,,"Junior Baby Girl Cotton Plain Colon, 6 Months, Black",EGP 68.42,0%,68.42,1,,1,0,0,03-ГЫУШУ-2025,14-ГЫУШУ-2025,Delivery,03-ГЫУШУ-2025,AC - Accepted: In stock,,399U9,SPX5,,Unconfirmed,02-ГЫУШУ-2025,NO,Prepaid,Invoice,,,142,EGP,7,1,1,,0.00,No
69VED3RS,6221319300245,5125901102,B0DCZWGC5G,,"Junior Baby Girl Cotton Plain Colon,2 Year White",EGP 68.42,0%,68.42,2,,2,0,0,03-ГЫУШУ-2025,14-ГЫУШУ-2025,Delivery,03-ГЫУШУ-2025,AC - Accepted: In stock,,399U9,SPX5,,Unconfirmed,02-ГЫУШУ-2025,NO,Prepaid,Invoice,,,142,EGP,7,1,1,,0.00,No
69VED3RS,6221319291857,2224179224,B0DFC9VK3B,,"Junior Baby Girl Printed Pajama Set, 24 Months",EGP 282.24,0%,282.24,9,,9,0,0,03-ГЫУШУ-2025,14-ГЫУШУ-2025,Delivery,03-ГЫУШУ-2025,AC - Accepted: In stock,,399U9,SPX5,,Unconfirmed,02-ГЫУШУ-2025,NO,Prepaid,Invoice,,,142,EGP,7,1,1,,0.00,No
69VED3RS,6221319292861,2224182924,B0DFC9Y4W5,,"Junior's Baby Girl's Rounded Pajama Set, 24 Months",EGP 282.24,0%,282.24,2,,2,0,0,03-ГЫУШУ-2025,14-ГЫУШУ-2025,Delivery,03-ГЫУШУ-2025,AC - Accepted: In stock,,399U9,SPX5,,Unconfirmed,02-ГЫУШУ-2025,NO,Prepaid,Invoice,,,142,EGP,7,1,1,,0.00,No
69VED3RS,6221319276175,2224173218,B0DFCB625B,,"Junior Baby Girl Printed Pajama Set, 18 Months",EGP 282.24,0%,282.24,4,,4,0,0,03-ГЫУШУ-2025,14-ГЫУШУ-2025,Delivery,03-ГЫУШУ-2025,AC - Accepted: In stock,,399U9,SPX5,,Unconfirmed,02-ГЫУШУ-2025,NO,Prepaid,Invoice,,,142,EGP,7,1,1,,0.00,No
69VED3RS,6221319274676,2224172209,B0DFCB93PY,,"Junior Baby Girl Ruffled Printed Set, 9 Months",EGP 437.72,36%,282.24,2,,2,0,0,03-ГЫУШУ-2025,14-ГЫУШУ-2025,Delivery,03-ГЫУШУ-2025,AC - Accepted: In stock,,399U9,SPX5,,Unconfirmed,02-ГЫУШУ-2025,NO,Prepaid,Invoice,,,142,EGP,7,1,1,,0.00,No
69VED3RS,6221319272436,2224170309,B0DFCBBC41,,"Junior 3pcs Baby Girl's cute patterned pants & Long sleeve Hooded ruffled jacket & Long sleeve jumpsuit, 9 Months",EGP 427.63,0%,427.63,2,,2,0,0,03-ГЫУШУ-2025,14-ГЫУШУ-2025,Delivery,03-ГЫУШУ-2025,AC - Accepted: In stock,,399U9,SPX5,,Unconfirmed,02-ГЫУШУ-2025,NO,Prepaid,Invoice,,,142,EGP,7,1,1,,0.00,No
69VED3RS,6221319274478,2224172109,B0DFCBBWVG,,"Junior Baby Girl's Hooded Loose Casual Romper, 9 Months",EGP 282.24,0%,282.24,1,,1,0,0,03-ГЫУШУ-2025,14-ГЫУШУ-2025,Delivery,03-ГЫУШУ-2025,AC - Accepted: In stock,,399U9,SPX5,,Unconfirmed,02-ГЫУШУ-2025,NO,Prepaid,Invoice,,,142,EGP,7,1,1,,0.00,No
69VED3RS,6221319291512,2224178112,B0DFCBNXL3,,"Junior Baby Girl Printed Pajama Set, 12 Months",EGP 282.24,0%,282.24,4,,4,0,0,03-ГЫУШУ-2025,14-ГЫУШУ-2025,Delivery,03-ГЫУШУ-2025,AC - Accepted: In stock,,399U9,SPX5,,Unconfirmed,02-ГЫУШУ-2025,NO,Prepaid,Invoice,,,142,EGP,7,1,1,,0.00,No
69VED3RS,6221319292359,2224181024,B0DFCBP1CJ,,"Junior 3pcs Baby Girl's Striped Pattern pants With Hooded Long sleeve jacket & Long sleeve Ruffled Blouse, 24 Months",EGP 427.63,0%,427.63,2,,2,0,0,03-ГЫУШУ-2025,14-ГЫУШУ-2025,Delivery,03-ГЫУШУ-2025,AC - Accepted: In stock,,399U9,SPX5,,Unconfirmed,02-ГЫУШУ-2025,NO,Prepaid,Invoice,,,142,EGP,7,1,1,,0.00,No
69VED3RS,6221319292199,2224180712,B0DFCBRGXQ,,"Junior Baby Girl Long Sleeve Striped Pattern Romber, 12 Months",EGP 256.58,0%,256.58,1,,1,0,0,03-ГЫУШУ-2025,14-ГЫУШУ-2025,Delivery,03-ГЫУШУ-2025,AC - Accepted: In stock,,399U9,SPX5,,Unconfirmed,02-ГЫУШУ-2025,NO,Prepaid,Invoice,,,142,EGP,7,1,1,,0.00,No
69VED3RS,6221319276229,2224173224,B0DFCBS5QB,,"Junior Baby Girl Printed Pajama Set, 24 Months",EGP 282.24,0%,282.24,2,,2,0,0,03-ГЫУШУ-2025,14-ГЫУШУ-2025,Delivery,03-ГЫУШУ-2025,AC - Accepted: In stock,,399U9,SPX5,,Unconfirmed,02-ГЫУШУ-2025,NO,Prepaid,Invoice,,,142,EGP,7,1,1,,0.00,No
69VED3RS,6221319282626,2224176124,B0DFCBSWTF,,"Junior Baby Girl Rounded Printed Set, 24 Months",EGP 282.24,0%,282.24,1,,1,0,0,03-ГЫУШУ-2025,14-ГЫУШУ-2025,Delivery,03-ГЫУШУ-2025,AC - Accepted: In stock,,399U9,SPX5,,Unconfirmed,02-ГЫУШУ-2025,NO,Prepaid,Invoice,,,142,EGP,7,1,1,,0.00,No
69VED3RS,6221319274379,2224172103,B0DFCBX8RT,,"Junior Baby Girl's Hooded Loose Casual Romper, 3 Months",EGP 282.24,0%,282.24,2,,2,0,0,03-ГЫУШУ-2025,14-ГЫУШУ-2025,Delivery,03-ГЫУШУ-2025,AC - Accepted: In stock,,399U9,SPX5,,Unconfirmed,02-ГЫУШУ-2025,NO,Prepaid,Invoice,,,142,EGP,7,1,1,,0.00,No
69VED3RS,6221319292670,2224182603,B0DFCBY5MN,,"Junior Baby Girl's Printed Hooded Footed Romper, 3 Months",EGP 282.24,0%,282.24,1,,1,0,0,03-ГЫУШУ-2025,14-ГЫУШУ-2025,Delivery,03-ГЫУШУ-2025,AC - Accepted: In stock,,399U9,SPX5,,Unconfirmed,02-ГЫУШУ-2025,NO,Prepaid,Invoice,,,142,EGP,7,1,1,,0.00,No
69VED3RS,6221319274829,2224172224,B0DFCC42XS,,"Junior Baby Girl Ruffled Printed Set, 24 Months",EGP 282.24,0%,282.24,3,,3,0,0,03-ГЫУШУ-2025,14-ГЫУШУ-2025,Delivery,03-ГЫУШУ-2025,AC - Accepted: In stock,,399U9,SPX5,,Unconfirmed,02-ГЫУШУ-2025,NO,Prepaid,Invoice,,,142,EGP,7,1,1,,0.00,No
69VED3RS,6221319277271,2224174024,B0DFCC4VY3,,"Junior Baby Girl Rounded Printed Set, 24 Months",EGP 282.24,0%,282.24,2,,2,0,0,03-ГЫУШУ-2025,14-ГЫУШУ-2025,Delivery,03-ГЫУШУ-2025,AC - Accepted: In stock,,399U9,SPX5,,Unconfirmed,02-ГЫУШУ-2025,NO,Prepaid,Invoice,,,142,EGP,7,1,1,,0.00,No
69VED3RS,6221319282619,2224176118,B0DFCC6NCB,,"Junior Baby Girl Rounded Printed Set, 18 Months",EGP 282.24,0%,282.24,3,,3,0,0,03-ГЫУШУ-2025,14-ГЫУШУ-2025,Delivery,03-ГЫУШУ-2025,AC - Accepted: In stock,,399U9,SPX5,,Unconfirmed,02-ГЫУШУ-2025,NO,Prepaid,Invoice,,,142,EGP,7,1,1,,0.00,No
69VED3RS,6221319277578,2224174124,B0DFCCH68W,,"Junior Baby Girl Hooded Printed Set, 24 Months",EGP 299.34,0%,299.34,4,,4,0,0,03-ГЫУШУ-2025,14-ГЫУШУ-2025,Delivery,03-ГЫУШУ-2025,AC - Accepted: In stock,,399U9,SPX5,,Unconfirmed,02-ГЫУШУ-2025,NO,Prepaid,Invoice,,,142,EGP,7,1,1,,0.00,No
69VED3RS,6221319291062,2224131412,B0DFCCPGF6,,"Junior 3pcs Baby Boy's Pants & Hooded jacket & Long sleeve Jumpsuit, 12 Months",EGP 427.63,0%,427.63,2,,2,0,0,03-ГЫУШУ-2025,14-ГЫУШУ-2025,Delivery,03-ГЫУШУ-2025,AC - Accepted: In stock,,399U9,SPX5,,Unconfirmed,02-ГЫУШУ-2025,NO,Prepaid,Invoice,,,142,EGP,7,1,1,,0.00,No
69VED3RS,6221319291802,2224179203,B0DFCCSL8Q,,"Junior Baby Girl Printed Pajama Set, 3 Months",EGP 282.24,0%,282.24,1,,1,0,0,03-ГЫУШУ-2025,14-ГЫУШУ-2025,Delivery,03-ГЫУШУ-2025,AC - Accepted: In stock,,399U9,SPX5,,Unconfirmed,02-ГЫУШУ-2025,NO,Prepaid,Invoice,,,142,EGP,7,1,1,,0.00,No
69VED3RS,6221319292793,2224182818,B0DFCD3W1G,,"Junior Baby Girl's Ruffled Pajama Set, 18 Months",EGP 282.24,0%,282.24,3,,3,0,0,03-ГЫУШУ-2025,14-ГЫУШУ-2025,Delivery,03-ГЫУШУ-2025,AC - Accepted: In stock,,399U9,SPX5,,Unconfirmed,02-ГЫУШУ-2025,NO,Prepaid,Invoice,,,142,EGP,7,1,1,,0.00,No
69VED3RS,6221319291505,2224178109,B0DFCDCRVJ,,"Junior Baby Girl Printed Pajama Set, 9 Months",EGP 282.24,0%,282.24,5,,5,0,0,03-ГЫУШУ-2025,14-ГЫУШУ-2025,Delivery,03-ГЫУШУ-2025,AC - Accepted: In stock,,399U9,SPX5,,Unconfirmed,02-ГЫУШУ-2025,NO,Prepaid,Invoice,,,142,EGP,7,1,1,,0.00,No
69VED3RS,6221319274263,2224121109,B0DFCDD6JH,,"Junior Baby Boy's Hooded Printed Romper, 9 Months",EGP 282.24,0%,282.24,2,,2,0,0,03-ГЫУШУ-2025,14-ГЫУШУ-2025,Delivery,03-ГЫУШУ-2025,AC - Accepted: In stock,,399U9,SPX5,,Unconfirmed,02-ГЫУШУ-2025,NO,Prepaid,Invoice,,,142,EGP,7,1,1,,0.00,No
69VED3RS,6221319292533,2224181818,B0DFCDFHC5,,"Junior Girl's Rounded Pajama Set, 18 Months",EGP 282.24,0%,282.24,2,,2,0,0,03-ГЫУШУ-2025,14-ГЫУШУ-2025,Delivery,03-ГЫУШУ-2025,AC - Accepted: In stock,,399U9,SPX5,,Unconfirmed,02-ГЫУШУ-2025,NO,Prepaid,Invoice,,,142,EGP,7,1,1,,0.00,No
69VED3RS,6221319272559,2224170324,B0DFCDGYK1,,"Junior 3pcs Baby Girl's cute patterned pants & Long sleeve Hooded ruffled jacket & Long sleeve jumpsuit, 24 Months",EGP 427.63,0%,427.63,1,,1,0,0,03-ГЫУШУ-2025,14-ГЫУШУ-2025,Delivery,03-ГЫУШУ-2025,AC - Accepted: In stock,,399U9,SPX5,,Unconfirmed,02-ГЫУШУ-2025,NO,Prepaid,Invoice,,,142,EGP,7,1,1,,0.00,No
69VED3RS,6221319282350,2224175118,B0DFCDHP6M,,"Junior Baby Girl Printed Pajama Set, 18 Months",EGP 282.24,0%,282.24,2,,2,0,0,03-ГЫУШУ-2025,14-ГЫУШУ-2025,Delivery,03-ГЫУШУ-2025,AC - Accepted: In stock,,399U9,SPX5,,Unconfirmed,02-ГЫУШУ-2025,NO,Prepaid,Invoice,,,142,EGP,7,1,1,,0.00,No
69VED3RS,6221319291840,2224179218,B0DFCDHTVK,,"Junior Baby Girl Printed Pajama Set, 18 Months",EGP 282.24,0%,282.24,6,,6,0,0,03-ГЫУШУ-2025,14-ГЫУШУ-2025,Delivery,03-ГЫУШУ-2025,AC - Accepted: In stock,,399U9,SPX5,,Unconfirmed,02-ГЫУШУ-2025,NO,Prepaid,Invoice,,,142,EGP,7,1,1,,0.00,No
69VED3RS,6221319277370,2224174106,B0DFCDKJQM,,"Junior Baby Girl Hooded Printed Set, 6 Months",EGP 299.34,0%,299.34,2,,2,0,0,03-ГЫУШУ-2025,14-ГЫУШУ-2025,Delivery,03-ГЫУШУ-2025,AC - Accepted: In stock,,399U9,SPX5,,Unconfirmed,02-ГЫУШУ-2025,NO,Prepaid,Invoice,,,142,EGP,7,1,1,,0.00,No
69VED3RS,6221319276526,2224173324,B0DFCDKK9Z,,"Junior Baby Girl Ruffled Printed Dress Set with Long Sleeve Cropped Jacket, 24 Months",EGP 413.38,0%,413.38,1,,1,0,0,03-ГЫУШУ-2025,14-ГЫУШУ-2025,Delivery,03-ГЫУШУ-2025,AC - Accepted: In stock,,399U9,SPX5,,Unconfirmed,02-ГЫУШУ-2025,NO,Prepaid,Invoice,,,142,EGP,7,1,1,,0.00,No
69VED3RS,6221319274775,2224172218,B0DFCDLBVS,,"Junior Baby Girl Ruffled Printed Set, 18 Months",EGP 282.24,0%,282.24,3,,3,0,0,03-ГЫУШУ-2025,14-ГЫУШУ-2025,Delivery,03-ГЫУШУ-2025,AC - Accepted: In stock,,399U9,SPX5,,Unconfirmed,02-ГЫУШУ-2025,NO,Prepaid,Invoice,,,142,EGP,7,1,1,,0.00,No
69VED3RS,6221319275567,2224122109,B0DFCDMLD8,,"Junior Baby Boy 3D Ears Design Hooded Romper, 9 Months",EGP 282.24,0%,282.24,1,,1,0,0,03-ГЫУШУ-2025,14-ГЫУШУ-2025,Delivery,03-ГЫУШУ-2025,AC - Accepted: In stock,,399U9,SPX5,,Unconfirmed,02-ГЫУШУ-2025,NO,Prepaid,Invoice,,,142,EGP,7,1,1,,0.00,No
69VED3RS,6221319284286,2224130312,B0DFCDN171,,"Junior Baby Boy Printed Pajama Set, 12 Months",EGP 282.24,0%,282.24,4,,4,0,0,03-ГЫУШУ-2025,14-ГЫУШУ-2025,Delivery,03-ГЫУШУ-2025,AC - Accepted: In stock,,399U9,SPX5,,Unconfirmed,02-ГЫУШУ-2025,NO,Prepaid,Invoice,,,142,EGP,7,1,1,,0.00,No
69VED3RS,6221319276427,2224173312,B0DFCDQ7K6,,"Junior Baby Girl Ruffled Printed Dress Set with Long Sleeve Cropped Jacket, 12 Months",EGP 413.38,0%,413.38,1,,1,0,0,03-ГЫУШУ-2025,14-ГЫУШУ-2025,Delivery,03-ГЫУШУ-2025,AC - Accepted: In stock,,399U9,SPX5,,Unconfirmed,02-ГЫУШУ-2025,NO,Prepaid,Invoice,,,142,EGP,7,1,1,,0.00,No
69VED3RS,6221319272115,2224170109,B0DFCDQZHR,,"Junior Baby Girl Solid Tee & Sleeveless Romper, 9 Months",EGP 313.60,0%,313.6,2,,2,0,0,03-ГЫУШУ-2025,14-ГЫУШУ-2025,Delivery,03-ГЫУШУ-2025,AC - Accepted: In stock,,399U9,SPX5,,Unconfirmed,02-ГЫУШУ-2025,NO,Prepaid,Invoice,,,142,EGP,7,1,1,,0.00,No
69VED3RS,6221319292342,2224181018,B0DFCDXM36,,"Junior 3pcs Baby Girl's Striped Pattern pants With Hooded Long sleeve jacket & Long sleeve Ruffled Blouse, 18 Months",EGP 427.63,0%,427.63,2,,2,0,0,03-ГЫУШУ-2025,14-ГЫУШУ-2025,Delivery,03-ГЫУШУ-2025,AC - Accepted: In stock,,399U9,SPX5,,Unconfirmed,02-ГЫУШУ-2025,NO,Prepaid,Invoice,,,142,EGP,7,1,1,,0.00,No
69VED3RS,6221319291789,2224179118,B0DFCDXN3H,,"Junior Baby Girl Printed Pajama Set, 18 Months",EGP 282.24,0%,282.24,1,,1,0,0,03-ГЫУШУ-2025,14-ГЫУШУ-2025,Delivery,03-ГЫУШУ-2025,AC - Accepted: In stock,,399U9,SPX5,,Unconfirmed,02-ГЫУШУ-2025,NO,Prepaid,Invoice,,,142,EGP,7,1,1,,0.00,No
69VED3RS,6221319292298,2224180924,B0DFCF1S9Q,,"Junior Baby Girl Long Sleeve Striped Pattern Pajama Set, 24 Months",EGP 282.24,0%,282.24,6,,6,0,0,03-ГЫУШУ-2025,14-ГЫУШУ-2025,Delivery,03-ГЫУШУ-2025,AC - Accepted: In stock,,399U9,SPX5,,Unconfirmed,02-ГЫУШУ-2025,NO,Prepaid,Invoice,,,142,EGP,7,1,1,,0.00,No
69VED3RS,6221319282565,2224176012,B0DFCF2Q94,,"Junior Baby Girl Rounded Printed Romper, 12 Months",EGP 256.58,0%,256.58,2,,2,0,0,03-ГЫУШУ-2025,14-ГЫУШУ-2025,Delivery,03-ГЫУШУ-2025,AC - Accepted: In stock,,399U9,SPX5,,Unconfirmed,02-ГЫУШУ-2025,NO,Prepaid,Invoice,,,142,EGP,7,1,1,,0.00,No
69VED3RS,6221319276915,2224123109,B0DFCF311L,,"Junior Baby Boy Two Tone Hooded Long Sleeve Romper, 9 Months",EGP 282.24,0%,282.24,2,,2,0,0,03-ГЫУШУ-2025,14-ГЫУШУ-2025,Delivery,03-ГЫУШУ-2025,AC - Accepted: In stock,,399U9,SPX5,,Unconfirmed,02-ГЫУШУ-2025,NO,Prepaid,Invoice,,,142,EGP,7,1,1,,0.00,No
69VED3RS,6221319273822,2224171324,B0DFCF35BV,,"Junior 3pcs Baby Girl's cute patterned pants & Long sleeve Hooded jacket & Long sleeve jumpsuit, 24 Months",EGP 427.63,0%,427.63,2,,2,0,0,03-ГЫУШУ-2025,14-ГЫУШУ-2025,Delivery,03-ГЫУШУ-2025,AC - Accepted: In stock,,399U9,SPX5,,Unconfirmed,02-ГЫУШУ-2025,NO,Prepaid,Invoice,,,142,EGP,7,1,1,,0.00,No
69VED3RS,6221319274218,2224121106,B0DFCF3K77,,"Junior Baby Boy's Hooded Printed Romper, 6 Months",EGP 282.24,0%,282.24,1,,1,0,0,03-ГЫУШУ-2025,14-ГЫУШУ-2025,Delivery,03-ГЫУШУ-2025,AC - Accepted: In stock,,399U9,SPX5,,Unconfirmed,02-ГЫУШУ-2025,NO,Prepaid,Invoice,,,142,EGP,7,1,1,,0.00,No
69VED3RS,6221319282602,2224176112,B0DFCF63GF,,"Junior Baby Girl Rounded Printed Set, 12 Months",EGP 282.24,0%,282.24,1,,1,0,0,03-ГЫУШУ-2025,14-ГЫУШУ-2025,Delivery,03-ГЫУШУ-2025,AC - Accepted: In stock,,399U9,SPX5,,Unconfirmed,02-ГЫУШУ-2025,NO,Prepaid,Invoice,,,142,EGP,7,1,1,,0.00,No
69VED3RS,6221319272399,2224170306,B0DFCF6N1F,,"Junior 3pcs Baby Girl's cute patterned pants & Long sleeve Hooded ruffled jacket & Long sleeve jumpsuit, 6 Months",EGP 427.63,0%,427.63,2,,2,0,0,03-ГЫУШУ-2025,14-ГЫУШУ-2025,Delivery,03-ГЫУШУ-2025,AC - Accepted: In stock,,399U9,SPX5,,Unconfirmed,02-ГЫУШУ-2025,NO,Prepaid,Invoice,,,142,EGP,7,1,1,,0.00,No
69VED3RS,6221319284262,2224130306,B0DFCF6P9H,,"Junior Baby Boy Printed Pajama Set, 6 Months",EGP 282.24,0%,282.24,2,,2,0,0,03-ГЫУШУ-2025,14-ГЫУШУ-2025,Delivery,03-ГЫУШУ-2025,AC - Accepted: In stock,,399U9,SPX5,,Unconfirmed,02-ГЫУШУ-2025,NO,Prepaid,Invoice,,,142,EGP,7,1,1,,0.00,No
69VED3RS,6221319291451,2224178006,B0DFCF79B2,,"Junior Baby Girl Long Sleeve Romper & Ruffled Printed Jacket, 6 Months",EGP 413.38,0%,413.38,3,,3,0,0,03-ГЫУШУ-2025,14-ГЫУШУ-2025,Delivery,03-ГЫУШУ-2025,AC - Accepted: In stock,,399U9,SPX5,,Unconfirmed,02-ГЫУШУ-2025,NO,Prepaid,Invoice,,,142,EGP,7,1,1,,0.00,No
69VED3RS,6221319282886,2224177124,B0DFCFB5V5,,"Junior Baby Girl Pajama Set, 24 Months",EGP 282.24,0%,282.24,1,,1,0,0,03-ГЫУШУ-2025,14-ГЫУШУ-2025,Delivery,03-ГЫУШУ-2025,AC - Accepted: In stock,,399U9,SPX5,,Unconfirmed,02-ГЫУШУ-2025,NO,Prepaid,Invoice,,,142,EGP,7,1,1,,0.00,No
69VED3RS,6221319277066,2224123206,B0DFCFC2PJ,,"Junior Baby Boy Printed Long Sleeve Pajama Set, 6 Months",EGP 282.24,0%,282.24,4,,4,0,0,03-ГЫУШУ-2025,14-ГЫУШУ-2025,Delivery,03-ГЫУШУ-2025,AC - Accepted: In stock,,399U9,SPX5,,Unconfirmed,02-ГЫУШУ-2025,NO,Prepaid,Invoice,,,142,EGP,7,1,1,,0.00,No
69VED3RS,6221319282428,2224175224,B0DFCFCHBZ,,"Junior 3pcs Baby Girl's cute Printed pants & Long sleeve Hooded jacket & Long sleeve jumpsuit, 24 Months",EGP 427.63,0%,427.63,3,,3,0,0,03-ГЫУШУ-2025,14-ГЫУШУ-2025,Delivery,03-ГЫУШУ-2025,AC - Accepted: In stock,,399U9,SPX5,,Unconfirmed,02-ГЫУШУ-2025,NO,Prepaid,Invoice,,,142,EGP,7,1,1,,0.00,No
69VED3RS,6221319282367,2224175124,B0DFCFCX3W,,"Junior Baby Girl Printed Pajama Set, 24 Months",EGP 282.24,0%,282.24,2,,2,0,0,03-ГЫУШУ-2025,14-ГЫУШУ-2025,Delivery,03-ГЫУШУ-2025,AC - Accepted: In stock,,399U9,SPX5,,Unconfirmed,02-ГЫУШУ-2025,NO,Prepaid,Invoice,,,142,EGP,7,1,1,,0.00,No
69VED3RS,6221319291826,2224179209,B0DFCFD5TJ,,"Junior Baby Girl Printed Pajama Set, 9 Months",EGP 282.24,0%,282.24,2,,2,0,0,03-ГЫУШУ-2025,14-ГЫУШУ-2025,Delivery,03-ГЫУШУ-2025,AC - Accepted: In stock,,399U9,SPX5,,Unconfirmed,02-ГЫУШУ-2025,NO,Prepaid,Invoice,,,142,EGP,7,1,1,,0.00,No
69VED3RS,6221319291819,2224179206,B0DFCFGD5Y,,"Junior Baby Girl Printed Pajama Set, 6 Months",EGP 282.24,0%,282.24,3,,3,0,0,03-ГЫУШУ-2025,14-ГЫУШУ-2025,Delivery,03-ГЫУШУ-2025,AC - Accepted: In stock,,399U9,SPX5,,Unconfirmed,02-ГЫУШУ-2025,NO,Prepaid,Invoice,,,142,EGP,7,1,1,,0.00,No
69VED3RS,6221319271392,2224128306,B0DFCFHL2W,,"Junior Baby Boy Printed Pajama Set, 6 Months",EGP 282.24,0%,282.24,2,,2,0,0,03-ГЫУШУ-2025,14-ГЫУШУ-2025,Delivery,03-ГЫУШУ-2025,AC - Accepted: In stock,,399U9,SPX5,,Unconfirmed,02-ГЫУШУ-2025,NO,Prepaid,Invoice,,,142,EGP,7,1,1,,0.00,No
69VED3RS,6221319282589,2224176106,B0DFCFJQJV,,"Junior Baby Girl Rounded Printed Set, 6 Months",EGP 282.24,0%,282.24,1,,1,0,0,03-ГЫУШУ-2025,14-ГЫУШУ-2025,Delivery,03-ГЫУШУ-2025,AC - Accepted: In stock,,399U9,SPX5,,Unconfirmed,02-ГЫУШУ-2025,NO,Prepaid,Invoice,,,142,EGP,7,1,1,,0.00,No
69VED3RS,6221319291529,2224178118,B0DFCFJT4N,,"Junior Baby Girl Printed Pajama Set, 18 Months",EGP 282.24,0%,282.24,4,,4,0,0,03-ГЫУШУ-2025,14-ГЫУШУ-2025,Delivery,03-ГЫУШУ-2025,AC - Accepted: In stock,,399U9,SPX5,,Unconfirmed,02-ГЫУШУ-2025,NO,Prepaid,Invoice,,,142,EGP,7,1,1,,0.00,No
69VED3RS,6221319291758,2224179106,B0DFCFK5MM,,"Junior Baby Girl Printed Pajama Set, 6 Months",EGP 282.24,0%,282.24,1,,1,0,0,03-ГЫУШУ-2025,14-ГЫУШУ-2025,Delivery,03-ГЫУШУ-2025,AC - Accepted: In stock,,399U9,SPX5,,Unconfirmed,02-ГЫУШУ-2025,NO,Prepaid,Invoice,,,142,EGP,7,1,1,,0.00,No
69VED3RS,6221319277912,2224124003,B0DFCFKDY8,,"Junior Baby Boy's Rounded Printed Romper, 3 Months",EGP 256.58,0%,256.58,1,,1,0,0,03-ГЫУШУ-2025,14-ГЫУШУ-2025,Delivery,03-ГЫУШУ-2025,AC - Accepted: In stock,,399U9,SPX5,,Unconfirmed,02-ГЫУШУ-2025,NO,Prepaid,Invoice,,,142,EGP,7,1,1,,0.00,No
69VED3RS,6221319274317,2224121112,B0DFCFKMBW,,"Junior Baby Boy's Hooded Printed Romper, 12 Months",EGP 282.24,0%,282.24,2,,2,0,0,03-ГЫУШУ-2025,14-ГЫУШУ-2025,Delivery,03-ГЫУШУ-2025,AC - Accepted: In stock,,399U9,SPX5,,Unconfirmed,02-ГЫУШУ-2025,NO,Prepaid,Invoice,,,142,EGP,7,1,1,,0.00,No
69VED3RS,6221319279411,2224125203,B0DFCFL6LJ,,"Junior Baby Boy Printed Pajama Set, 3 Months",EGP 282.24,0%,282.24,5,,5,0,0,03-ГЫУШУ-2025,14-ГЫУШУ-2025,Delivery,03-ГЫУШУ-2025,AC - Accepted: In stock,,399U9,SPX5,,Unconfirmed,02-ГЫУШУ-2025,NO,Prepaid,Invoice,,,142,EGP,7,1,1,,0.00,No
69VED3RS,6221319272979,2224171009,B0DFCFM36Y,,"Junior Baby Unisex Bird Printed Long sleeve Sleep Romper, 9 Months",EGP 256.58,0%,256.58,1,,1,0,0,03-ГЫУШУ-2025,14-ГЫУШУ-2025,Delivery,03-ГЫУШУ-2025,AC - Accepted: In stock,,399U9,SPX5,,Unconfirmed,02-ГЫУШУ-2025,NO,Prepaid,Invoice,,,142,EGP,7,1,1,,0.00,No
69VED3RS,6221319291161,2224132106,B0DFCFPNBF,,"Junior Baby Boy Striped Romper, 6 Months",EGP 256.58,0%,256.58,6,,6,0,0,03-ГЫУШУ-2025,14-ГЫУШУ-2025,Delivery,03-ГЫУШУ-2025,AC - Accepted: In stock,,399U9,SPX5,,Unconfirmed,02-ГЫУШУ-2025,NO,Prepaid,Invoice,,,142,EGP,7,1,1,,0.00,No
69VED3RS,6221319274614,2224121224,B0DFCFQ7VB,,"Junior Unisex Baby's Hooded Printed Pajama Set, 24 Months",EGP 282.24,0%,282.24,2,,2,0,0,03-ГЫУШУ-2025,14-ГЫУШУ-2025,Delivery,03-ГЫУШУ-2025,AC - Accepted: In stock,,399U9,SPX5,,Unconfirmed,02-ГЫУШУ-2025,NO,Prepaid,Invoice,,,142,EGP,7,1,1,,0.00,No
69VED3RS,6221319275574,2224173009,B0DFCFSX3P,,"Junior Baby Girl Printed Romper, 9 Months",EGP 256.58,0%,256.58,2,,2,0,0,03-ГЫУШУ-2025,14-ГЫУШУ-2025,Delivery,03-ГЫУШУ-2025,AC - Accepted: In stock,,399U9,SPX5,,Unconfirmed,02-ГЫУШУ-2025,NO,Prepaid,Invoice,,,142,EGP,7,1,1,,0.00,No
69VED3RS,6221319275512,2224122106,B0DFCFW1YK,,"Junior Baby Boy 3D Ears Design Hooded Romper, 6 Months",EGP 282.24,0%,282.24,1,,1,0,0,03-ГЫУШУ-2025,14-ГЫУШУ-2025,Delivery,03-ГЫУШУ-2025,AC - Accepted: In stock,,399U9,SPX5,,Unconfirmed,02-ГЫУШУ-2025,NO,Prepaid,Invoice,,,142,EGP,7,1,1,,0.00,No
69VED3RS,6221319276076,2224173209,B0DFCFWK5G,,"Junior Baby Girl Printed Pajama Set, 9 Months",EGP 282.24,0%,282.24,6,,6,0,0,03-ГЫУШУ-2025,14-ГЫУШУ-2025,Delivery,03-ГЫУШУ-2025,AC - Accepted: In stock,,399U9,SPX5,,Unconfirmed,02-ГЫУШУ-2025,NO,Prepaid,Invoice,,,142,EGP,7,1,1,,0.00,No
69VED3RS,6221319271156,2224128206,B0DFCFXCBX,,"Junior Baby Boy Printed Pajama Set, 6 Months",EGP 282.24,0%,282.24,2,,2,0,0,03-ГЫУШУ-2025,14-ГЫУШУ-2025,Delivery,03-ГЫУШУ-2025,AC - Accepted: In stock,,399U9,SPX5,,Unconfirmed,02-ГЫУШУ-2025,NO,Prepaid,Invoice,,,142,EGP,7,1,1,,0.00,No
69VED3RS,6221319291734,2224179012,B0DFCFXVM9,,"Junior Baby Girl Long Sleeve Printed Romper & Hooded Long Sleeve Jacket, 12 Months",EGP 413.38,0%,413.38,2,,2,0,0,03-ГЫУШУ-2025,14-ГЫУШУ-2025,Delivery,03-ГЫУШУ-2025,AC - Accepted: In stock,,399U9,SPX5,,Unconfirmed,02-ГЫУШУ-2025,NO,Prepaid,Invoice,,,142,EGP,7,1,1,,0.00,No
69VED3RS,6221319269399,2224126312,B0DFCFY1J5,,"Junior Baby Boy Printed Pajama Set, 12 Months",EGP 282.24,0%,282.24,2,,2,0,0,03-ГЫУШУ-2025,14-ГЫУШУ-2025,Delivery,03-ГЫУШУ-2025,AC - Accepted: In stock,,399U9,SPX5,,Unconfirmed,02-ГЫУШУ-2025,NO,Prepaid,Invoice,,,142,EGP,7,1,1,,0.00,No
69VED3RS,6221319282336,2224175109,B0DFCFYJBC,,"Junior Baby Girl Printed Pajama Set, 9 Months",EGP 282.24,0%,282.24,3,,3,0,0,03-ГЫУШУ-2025,14-ГЫУШУ-2025,Delivery,03-ГЫУШУ-2025,AC - Accepted: In stock,,399U9,SPX5,,Unconfirmed,02-ГЫУШУ-2025,NO,Prepaid,Invoice,,,142,EGP,7,1,1,,0.00,No
69VED3RS,6221319282558,2224176009,B0DFCFZC4S,,"Junior Baby Girl Rounded Printed Romper, 9 Months",EGP 256.58,0%,256.58,1,,1,0,0,03-ГЫУШУ-2025,14-ГЫУШУ-2025,Delivery,03-ГЫУШУ-2025,AC - Accepted: In stock,,399U9,SPX5,,Unconfirmed,02-ГЫУШУ-2025,NO,Prepaid,Invoice,,,142,EGP,7,1,1,,0.00,No
69VED3RS,6221319291499,2224178106,B0DFCG1MFZ,,"Junior Baby Girl Printed Pajama Set, 6 Months",EGP 282.24,0%,282.24,1,,1,0,0,03-ГЫУШУ-2025,14-ГЫУШУ-2025,Delivery,03-ГЫУШУ-2025,AC - Accepted: In stock,,399U9,SPX5,,Unconfirmed,02-ГЫУШУ-2025,NO,Prepaid,Invoice,,,142,EGP,7,1,1,,0.00,No
69VED3RS,6221319269955,2224127106,B0DFCG2SG3,,"Junior Baby Boy Hooded Romper, 6 Months",EGP 282.24,0%,282.24,2,,2,0,0,03-ГЫУШУ-2025,14-ГЫУШУ-2025,Delivery,03-ГЫУШУ-2025,AC - Accepted: In stock,,399U9,SPX5,,Unconfirmed,02-ГЫУШУ-2025,NO,Prepaid,Invoice,,,142,EGP,7,1,1,,0.00,No
69VED3RS,6221319284279,2224130309,B0DFCG3F1X,,"Junior Baby Boy Printed Pajama Set, 9 Months",EGP 282.24,0%,282.24,3,,3,0,0,03-ГЫУШУ-2025,14-ГЫУШУ-2025,Delivery,03-ГЫУШУ-2025,AC - Accepted: In stock,,399U9,SPX5,,Unconfirmed,02-ГЫУШУ-2025,NO,Prepaid,Invoice,,,142,EGP,7,1,1,,0.00,No
69VED3RS,6221319270197,2224127212,B0DFCG3HV3,,"Junior Baby Boy High Collar Printed Pajama Set, 12 Months",EGP 282.24,0%,282.24,7,,7,0,0,03-ГЫУШУ-2025,14-ГЫУШУ-2025,Delivery,03-ГЫУШУ-2025,AC - Accepted: In stock,,399U9,SPX5,,Unconfirmed,02-ГЫУШУ-2025,NO,Prepaid,Invoice,,,142,EGP,7,1,1,,0.00,No
69VED3RS,6221319268996,2224126112,B0DFCG46QY,,"Junior Baby Boy Hooded Printed Romper, 12 Months",EGP 282.24,0%,282.24,6,,6,0,0,03-ГЫУШУ-2025,14-ГЫУШУ-2025,Delivery,03-ГЫУШУ-2025,AC - Accepted: In stock,,399U9,SPX5,,Unconfirmed,02-ГЫУШУ-2025,NO,Prepaid,Invoice,,,142,EGP,7,1,1,,0.00,No
69VED3RS,6221319270876,2224128009,B0DFCG57Y9,,"Junior Baby Boy Printed Romper, 9 Months",EGP 256.58,0%,256.58,4,,4,0,0,03-ГЫУШУ-2025,14-ГЫУШУ-2025,Delivery,03-ГЫУШУ-2025,AC - Accepted: In stock,,399U9,SPX5,,Unconfirmed,02-ГЫУШУ-2025,NO,Prepaid,Invoice,,,142,EGP,7,1,1,,0.00,No
69VED3RS,6221319280257,2224126012,B0DFCG5MKT,,"Junior Baby Boy Long Sleeve Romper, 12 Months",EGP 256.58,0%,256.58,2,,2,0,0,03-ГЫУШУ-2025,14-ГЫУШУ-2025,Delivery,03-ГЫУШУ-2025,AC - Accepted: In stock,,399U9,SPX5,,Unconfirmed,02-ГЫУШУ-2025,NO,Prepaid,Invoice,,,142,EGP,7,1,1,,0.00,No
69VED3RS,6221319271231,2224128212,B0DFCG6DPZ,,"Junior Baby Boy Printed Pajama Set, 12 Months",EGP 282.24,0%,282.24,3,,3,0,0,03-ГЫУШУ-2025,14-ГЫУШУ-2025,Delivery,03-ГЫУШУ-2025,AC - Accepted: In stock,,399U9,SPX5,,Unconfirmed,02-ГЫУШУ-2025,NO,Prepaid,Invoice,,,142,EGP,7,1,1,,0.00,No
69VED3RS,6221319291260,2224132312,B0DFCG6JC3,,"Junior Baby Boy Pajama Set, 12 Months",EGP 282.24,0%,282.24,7,,7,0,0,03-ГЫУШУ-2025,14-ГЫУШУ-2025,Delivery,03-ГЫУШУ-2025,AC - Accepted: In stock,,399U9,SPX5,,Unconfirmed,02-ГЫУШУ-2025,NO,Prepaid,Invoice,,,142,EGP,7,1,1,,0.00,No
69VED3RS,6221319291208,2224132206,B0DFCG7X3Q,,"Junior Baby Boy Striped Romper, 6 Months",EGP 256.58,0%,256.58,2,,2,0,0,03-ГЫУШУ-2025,14-ГЫУШУ-2025,Delivery,03-ГЫУШУ-2025,AC - Accepted: In stock,,399U9,SPX5,,Unconfirmed,02-ГЫУШУ-2025,NO,Prepaid,Invoice,,,142,EGP,7,1,1,,0.00,No
69VED3RS,6221319291413,2224177906,B0DFCG8XTX,,"Junior Baby Girl Sleevless Romper With Long Sleeve T-shirt, 6 Months",EGP 313.60,0%,313.6,3,,3,0,0,03-ГЫУШУ-2025,14-ГЫУШУ-2025,Delivery,03-ГЫУШУ-2025,AC - Accepted: In stock,,399U9,SPX5,,Unconfirmed,02-ГЫУШУ-2025,NO,Prepaid,Invoice,,,142,EGP,7,1,1,,0.00,No
69VED3RS,6221319291277,2224132318,B0DFCG9PRZ,,"Junior Baby Boy Pajama Set, 18 Months",EGP 282.24,0%,282.24,4,,4,0,0,03-ГЫУШУ-2025,14-ГЫУШУ-2025,Delivery,03-ГЫУШУ-2025,AC - Accepted: In stock,,399U9,SPX5,,Unconfirmed,02-ГЫУШУ-2025,NO,Prepaid,Invoice,,,142,EGP,7,1,1,,0.00,No
69VED3RS,6221319269832,2224127009,B0DFCGBG2V,,"Junior Baby Boy High Collar Printed Romper, 9 Months",EGP 256.58,0%,256.58,1,,1,0,0,03-ГЫУШУ-2025,14-ГЫУШУ-2025,Delivery,03-ГЫУШУ-2025,AC - Accepted: In stock,,399U9,SPX5,,Unconfirmed,02-ГЫУШУ-2025,NO,Prepaid,Invoice,,,142,EGP,7,1,1,,0.00,No
69VED3RS,6221319292182,2224180709,B0DFCGBXKD,,"Junior Baby Girl Long Sleeve Striped Pattern Romber, 9 Months",EGP 256.58,0%,256.58,1,,1,0,0,03-ГЫУШУ-2025,14-ГЫУШУ-2025,Delivery,03-ГЫУШУ-2025,AC - Accepted: In stock,,399U9,SPX5,,Unconfirmed,02-ГЫУШУ-2025,NO,Prepaid,Invoice,,,142,EGP,7,1,1,,0.00,No
69VED3RS,6221319271279,2224128218,B0DFCGCV9C,,"Junior Baby Boy Printed Pajama Set, 18 Months",EGP 282.24,0%,282.24,2,,2,0,0,03-ГЫУШУ-2025,14-ГЫУШУ-2025,Delivery,03-ГЫУШУ-2025,AC - Accepted: In stock,,399U9,SPX5,,Unconfirmed,02-ГЫУШУ-2025,NO,Prepaid,Invoice,,,142,EGP,7,1,1,,0.00,No
69VED3RS,6221319273020,2224171012,B0DFCGCZVY,,"Junior Baby Unisex Bird Printed Long sleeve Sleep Romper, 12 Months",EGP 256.58,0%,256.58,2,,2,0,0,03-ГЫУШУ-2025,14-ГЫУШУ-2025,Delivery,03-ГЫУШУ-2025,AC - Accepted: In stock,,399U9,SPX5,,Unconfirmed,02-ГЫУШУ-2025,NO,Prepaid,Invoice,,,142,EGP,7,1,1,,0.00,No
69VED3RS,6221319276168,2224122318,B0DFCGD3Z7,,"Junior Baby Boy Blue Dog 3D Front Pocket Long Sleeve Romper, 12 Months",EGP 299.34,0%,299.34,3,,3,0,0,03-ГЫУШУ-2025,14-ГЫУШУ-2025,Delivery,03-ГЫУШУ-2025,AC - Accepted: In stock,,399U9,SPX5,,Unconfirmed,02-ГЫУШУ-2025,NO,Prepaid,Invoice,,,142,EGP,7,1,1,,0.00,No
69VED3RS,6221319274423,2224172106,B0DFCGDGXK,,"Junior Baby Girl's Hooded Loose Casual Romper, 6 Months",EGP 282.24,0%,282.24,2,,2,0,0,03-ГЫУШУ-2025,14-ГЫУШУ-2025,Delivery,03-ГЫУШУ-2025,AC - Accepted: In stock,,399U9,SPX5,,Unconfirmed,02-ГЫУШУ-2025,NO,Prepaid,Invoice,,,142,EGP,7,1,1,,0.00,No
69VED3RS,6221319272078,2224170106,B0DFCGHY9Q,,"Junior Baby Girl Solid Tee & Sleeveless Romper, 6 Months",EGP 313.60,0%,313.6,2,,2,0,0,03-ГЫУШУ-2025,14-ГЫУШУ-2025,Delivery,03-ГЫУШУ-2025,AC - Accepted: In stock,,399U9,SPX5,,Unconfirmed,02-ГЫУШУ-2025,NO,Prepaid,Invoice,,,142,EGP,7,1,1,,0.00,No
69VED3RS,6221319279534,2224125212,B0DFCGJ55G,,"Junior Baby Boy Printed Pajama Set, 12 Months",EGP 282.24,0%,282.24,2,,2,0,0,03-ГЫУШУ-2025,14-ГЫУШУ-2025,Delivery,03-ГЫУШУ-2025,AC - Accepted: In stock,,399U9,SPX5,,Unconfirmed,02-ГЫУШУ-2025,NO,Prepaid,Invoice,,,142,EGP,7,1,1,,0.00,No
69VED3RS,6221319292786,2224182812,B0DFCGL6G4,,"Junior Baby Girl's Ruffled Pajama Set, 12 Months",EGP 282.24,0%,282.24,3,,3,0,0,03-ГЫУШУ-2025,14-ГЫУШУ-2025,Delivery,03-ГЫУШУ-2025,AC - Accepted: In stock,,399U9,SPX5,,Unconfirmed,02-ГЫУШУ-2025,NO,Prepaid,Invoice,,,142,EGP,7,1,1,,0.00,No
69VED3RS,6221319291345,2224132424,B0DFCGLJVS,,"Junior Baby Boy Pajama Set, 24 Months",EGP 427.63,0%,427.63,3,,3,0,0,03-ГЫУШУ-2025,14-ГЫУШУ-2025,Delivery,03-ГЫУШУ-2025,AC - Accepted: In stock,,399U9,SPX5,,Unconfirmed,02-ГЫУШУ-2025,NO,Prepaid,Invoice,,,142,EGP,7,1,1,,0.00,No
69VED3RS,6221319271477,2224128312,B0DFCGML8Z,,"Junior Baby Boy Printed Pajama Set, 12 Months",EGP 282.24,0%,282.24,2,,2,0,0,03-ГЫУШУ-2025,14-ГЫУШУ-2025,Delivery,03-ГЫУШУ-2025,AC - Accepted: In stock,,399U9,SPX5,,Unconfirmed,02-ГЫУШУ-2025,NO,Prepaid,Invoice,,,142,EGP,7,1,1,,0.00,No
69VED3RS,6221319291246,2224132306,B0DFCGP7Y3,,"Junior Baby Boy Pajama Set, 6 Months",EGP 282.24,0%,282.24,3,,3,0,0,03-ГЫУШУ-2025,14-ГЫУШУ-2025,Delivery,03-ГЫУШУ-2025,AC - Accepted: In stock,,399U9,SPX5,,Unconfirmed,02-ГЫУШУ-2025,NO,Prepaid,Invoice,,,142,EGP,7,1,1,,0.00,No
69VED3RS,6221319269313,2224126306,B0DFCGRP6N,,"Junior Baby Boy Printed Pajama Set, 6 Months",EGP 282.24,0%,282.24,2,,2,0,0,03-ГЫУШУ-2025,14-ГЫУШУ-2025,Delivery,03-ГЫУШУ-2025,AC - Accepted: In stock,,399U9,SPX5,,Unconfirmed,02-ГЫУШУ-2025,NO,Prepaid,Invoice,,,142,EGP,7,1,1,,0.00,No
69VED3RS,6221319275918,2224122224,B0DFCGS23V,,"Junior Baby Boy Printed Pajama Set, 24 Months",EGP 282.24,0%,282.24,6,,6,0,0,03-ГЫУШУ-2025,14-ГЫУШУ-2025,Delivery,03-ГЫУШУ-2025,AC - Accepted: In stock,,399U9,SPX5,,Unconfirmed,02-ГЫУШУ-2025,NO,Prepaid,Invoice,,,142,EGP,7,1,1,,0.00,No
69VED3RS,6221319278216,2224124109,B0DFCGS5V8,,"Junior Baby Boy's Hooded Romper, 9 Months",EGP 282.24,0%,282.24,2,,2,0,0,03-ГЫУШУ-2025,14-ГЫУШУ-2025,Delivery,03-ГЫУШУ-2025,AC - Accepted: In stock,,399U9,SPX5,,Unconfirmed,02-ГЫУШУ-2025,NO,Prepaid,Invoice,,,142,EGP,7,1,1,,0.00,No
69VED3RS,6221319291192,2224132203,B0DFCGTK2V,,"Junior Baby Boy Striped Romper, 3 Months",EGP 256.58,0%,256.58,14,,14,0,0,03-ГЫУШУ-2025,14-ГЫУШУ-2025,Delivery,03-ГЫУШУ-2025,AC - Accepted: In stock,,399U9,SPX5,,Unconfirmed,02-ГЫУШУ-2025,NO,Prepaid,Invoice,,,142,EGP,7,1,1,,0.00,No
69VED3RS,6221319278469,2224124212,B0DFCGX6ZC,,"Junior Baby Boy's Printed Rounded Pajama Set, 12 Months",EGP 282.24,0%,282.24,4,,4,0,0,03-ГЫУШУ-2025,14-ГЫУШУ-2025,Delivery,03-ГЫУШУ-2025,AC - Accepted: In stock,,399U9,SPX5,,Unconfirmed,02-ГЫУШУ-2025,NO,Prepaid,Invoice,,,142,EGP,7,1,1,,0.00,No
69VED3RS,6221319273679,2224171309,B0DFCGZ9MY,,"Junior 3pcs Baby Girl's cute patterned pants & Long sleeve Hooded jacket & Long sleeve jumpsuit, 9 Months",EGP 427.63,0%,427.63,1,,1,0,0,03-ГЫУШУ-2025,14-ГЫУШУ-2025,Delivery,03-ГЫУШУ-2025,AC - Accepted: In stock,,399U9,SPX5,,Unconfirmed,02-ГЫУШУ-2025,NO,Prepaid,Invoice,,,142,EGP,7,1,1,,0.00,No
69VED3RS,6221319278063,2224124012,B0DFCGZGPH,,"Junior Baby Boy's Rounded Printed Romper, 12 Months",EGP 256.58,0%,256.58,2,,2,0,0,03-ГЫУШУ-2025,14-ГЫУШУ-2025,Delivery,03-ГЫУШУ-2025,AC - Accepted: In stock,,399U9,SPX5,,Unconfirmed,02-ГЫУШУ-2025,NO,Prepaid,Invoice,,,142,EGP,7,1,1,,0.00,No
69VED3RS,6221319274324,2224172012,B0DFCGZVXM,,"Junior Infant Girl's Comfortable Long Sleeve Romper, 12 Months",EGP 256.58,0%,256.58,1,,1,0,0,03-ГЫУШУ-2025,14-ГЫУШУ-2025,Delivery,03-ГЫУШУ-2025,AC - Accepted: In stock,,399U9,SPX5,,Unconfirmed,02-ГЫУШУ-2025,NO,Prepaid,Invoice,,,142,EGP,7,1,1,,0.00,No
69VED3RS,6221319276960,2224123112,B0DFCH2VF1,,"Junior Baby Boy Two Tone Hooded Long Sleeve Romper, 12 Months",EGP 282.24,0%,282.24,1,,1,0,0,03-ГЫУШУ-2025,14-ГЫУШУ-2025,Delivery,03-ГЫУШУ-2025,AC - Accepted: In stock,,399U9,SPX5,,Unconfirmed,02-ГЫУШУ-2025,NO,Prepaid,Invoice,,,142,EGP,7,1,1,,0.00,No
69VED3RS,6221319284293,2224130318,B0DFCH36FB,,"Junior Baby Boy Printed Pajama Set, 18 Months",EGP 282.24,0%,282.24,2,,2,0,0,03-ГЫУШУ-2025,14-ГЫУШУ-2025,Delivery,03-ГЫУШУ-2025,AC - Accepted: In stock,,399U9,SPX5,,Unconfirmed,02-ГЫУШУ-2025,NO,Prepaid,Invoice,,,142,EGP,7,1,1,,0.00,No
69VED3RS,6221319270234,2224127218,B0DFCH499L,,"Junior Baby Boy High Collar Printed Pajama Set, 18 Months",EGP 282.24,0%,282.24,7,,7,0,0,03-ГЫУШУ-2025,14-ГЫУШУ-2025,Delivery,03-ГЫУШУ-2025,AC - Accepted: In stock,,399U9,SPX5,,Unconfirmed,02-ГЫУШУ-2025,NO,Prepaid,Invoice,,,142,EGP,7,1,1,,0.00,No
69VED3RS,6221319291086,2224131424,B0DFCH78LW,,"Junior 3pcs Baby Boy's Pants & Hooded jacket & Long sleeve Jumpsuit, 24 Months",EGP 427.63,0%,427.63,1,,1,0,0,03-ГЫУШУ-2025,14-ГЫУШУ-2025,Delivery,03-ГЫУШУ-2025,AC - Accepted: In stock,,399U9,SPX5,,Unconfirmed,02-ГЫУШУ-2025,NO,Prepaid,Invoice,,,142,EGP,7,1,1,,0.00,No
69VED3RS,6221319276113,2224122312,B0DFCH8HP6,,"Junior Baby Boy Blue Dog 3D Front Pocket Long Sleeve Romper, 12 Months",EGP 299.34,0%,299.34,2,,2,0,0,03-ГЫУШУ-2025,14-ГЫУШУ-2025,Delivery,03-ГЫУШУ-2025,AC - Accepted: In stock,,399U9,SPX5,,Unconfirmed,02-ГЫУШУ-2025,NO,Prepaid,Invoice,,,142,EGP,7,1,1,,0.00,No
69VED3RS,6221319291284,2224132324,B0DFCH9G6C,,"Junior Baby Boy Pajama Set, 24 Months",EGP 282.24,0%,282.24,3,,3,0,0,03-ГЫУШУ-2025,14-ГЫУШУ-2025,Delivery,03-ГЫУШУ-2025,AC - Accepted: In stock,,399U9,SPX5,,Unconfirmed,02-ГЫУШУ-2025,NO,Prepaid,Invoice,,,142,EGP,7,1,1,,0.00,No
69VED3RS,6221319276212,2224122324,B0DFCHB6PH,,"Junior Baby Boy Dog 3D Long Sleeve Pajama, 24 Months",EGP 299.34,0%,299.34,3,,3,0,0,03-ГЫУШУ-2025,14-ГЫУШУ-2025,Delivery,03-ГЫУШУ-2025,AC - Accepted: In stock,,399U9,SPX5,,Unconfirmed,02-ГЫУШУ-2025,NO,Prepaid,Invoice,,,142,EGP,7,1,1,,0.00,No
69VED3RS,6221319268958,2224126109,B0DFCHB8TP,,"Junior Baby Boy Hooded Printed Romper, 9 Months",EGP 282.24,0%,282.24,2,,2,0,0,03-ГЫУШУ-2025,14-ГЫУШУ-2025,Delivery,03-ГЫУШУ-2025,AC - Accepted: In stock,,399U9,SPX5,,Unconfirmed,02-ГЫУШУ-2025,NO,Prepaid,Invoice,,,142,EGP,7,1,1,,0.00,No
69VED3RS,6221319269757,2224127003,B0DFCHHXWG,,"Junior Baby Boy High Collar Printed Footed Romper, 3 Months",EGP 256.58,0%,256.58,4,,4,0,0,03-ГЫУШУ-2025,14-ГЫУШУ-2025,Delivery,03-ГЫУШУ-2025,AC - Accepted: In stock,,399U9,SPX5,,Unconfirmed,02-ГЫУШУ-2025,NO,Prepaid,Invoice,,,142,EGP,7,1,1,,0.00,No
69VED3RS,6221319279572,2224125218,B0DFCHJCKS,,"Junior Baby Boy Printed Pajama Set, 18 Months",EGP 282.24,0%,282.24,2,,2,0,0,03-ГЫУШУ-2025,14-ГЫУШУ-2025,Delivery,03-ГЫУШУ-2025,AC - Accepted: In stock,,399U9,SPX5,,Unconfirmed,02-ГЫУШУ-2025,NO,Prepaid,Invoice,,,142,EGP,7,1,1,,0.00,No
69VED3RS,6221319291154,2224132103,B0DFCHXSPW,,"Junior Baby Boy Striped Footed Romper, 3 Months",EGP 256.58,0%,256.58,5,,5,0,0,03-ГЫУШУ-2025,14-ГЫУШУ-2025,Delivery,03-ГЫУШУ-2025,AC - Accepted: In stock,,399U9,SPX5,,Unconfirmed,02-ГЫУШУ-2025,NO,Prepaid,Invoice,,,142,EGP,7,1,1,,0.00,No
69VED3RS,6221319290942,2224131206,B0DFCHYB82,,"Junior Baby Boy Romper & Hooded Jacket Set, 6 Months",EGP 413.38,0%,413.38,4,,4,0,0,03-ГЫУШУ-2025,14-ГЫУШУ-2025,Delivery,03-ГЫУШУ-2025,AC - Accepted: In stock,,399U9,SPX5,,Unconfirmed,02-ГЫУШУ-2025,NO,Prepaid,Invoice,,,142,EGP,7,1,1,,0.00,No
69VED3RS,6221319279817,2224125318,B0DFCHZRDP,,"Junior Baby Boy Printed Pajama Set, 18 Months",EGP 399.12,0%,399.12,2,,2,0,0,03-ГЫУШУ-2025,14-ГЫУШУ-2025,Delivery,03-ГЫУШУ-2025,AC - Accepted: In stock,,399U9,SPX5,,Unconfirmed,02-ГЫУШУ-2025,NO,Prepaid,Invoice,,,142,EGP,7,1,1,,0.00,No
69VED3RS,6221319291314,2224132409,B0DFCJ2P9R,,"Junior Baby Boy Pajama Set, 9 Months",EGP 427.63,0%,427.63,2,,2,0,0,03-ГЫУШУ-2025,14-ГЫУШУ-2025,Delivery,03-ГЫУШУ-2025,AC - Accepted: In stock,,399U9,SPX5,,Unconfirmed,02-ГЫУШУ-2025,NO,Prepaid,Invoice,,,142,EGP,7,1,1,,0.00,No
69VED3RS,6221319269474,2224126324,B0DFCJ3CMK,,"Junior Baby Boy Printed Pajama Set, 24 Months",EGP 282.24,0%,282.24,3,,3,0,0,03-ГЫУШУ-2025,14-ГЫУШУ-2025,Delivery,03-ГЫУШУ-2025,AC - Accepted: In stock,,399U9,SPX5,,Unconfirmed,02-ГЫУШУ-2025,NO,Prepaid,Invoice,,,142,EGP,7,1,1,,0.00,No
69VED3RS,6221319291253,2224132309,B0DFCJ3PKN,,"Junior Baby Boy Pajama Set, 9 Months",EGP 282.24,0%,282.24,4,,4,0,0,03-ГЫУШУ-2025,14-ГЫУШУ-2025,Delivery,03-ГЫУШУ-2025,AC - Accepted: In stock,,399U9,SPX5,,Unconfirmed,02-ГЫУШУ-2025,NO,Prepaid,Invoice,,,142,EGP,7,1,1,,0.00,No
69VED3RS,6221319292281,2224180918,B0DFCJ4F2Y,,"Junior Baby Girl Long Sleeve Striped Pattern Pajama Set, 18 Months",EGP 282.24,0%,282.24,8,,8,0,0,03-ГЫУШУ-2025,14-ГЫУШУ-2025,Delivery,03-ГЫУШУ-2025,AC - Accepted: In stock,,399U9,SPX5,,Unconfirmed,02-ГЫУШУ-2025,NO,Prepaid,Invoice,,,142,EGP,7,1,1,,0.00,No
69VED3RS,6221319284026,2224129312,B0DFCJ4X9B,,"Junior Baby Boy Pajama Set, 12 months",EGP 282.24,0%,282.24,1,,1,0,0,03-ГЫУШУ-2025,14-ГЫУШУ-2025,Delivery,03-ГЫУШУ-2025,AC - Accepted: In stock,,399U9,SPX5,,Unconfirmed,02-ГЫУШУ-2025,NO,Prepaid,Invoice,,,142,EGP,7,1,1,,0.00,No
69VED3RS,6221319277967,2224124006,B0DFCJ7HMV,,"Junior Baby Boy's Rounded Printed Romper, 6 Months",EGP 256.58,0%,256.58,3,,3,0,0,03-ГЫУШУ-2025,14-ГЫУШУ-2025,Delivery,03-ГЫУШУ-2025,AC - Accepted: In stock,,399U9,SPX5,,Unconfirmed,02-ГЫУШУ-2025,NO,Prepaid,Invoice,,,142,EGP,7,1,1,,0.00,No
69VED3RS,6221319284040,2224129324,B0DFCJ8C69,,"Junior Baby Boy Pajama Set, 24 months",EGP 282.24,0%,282.24,2,,2,0,0,03-ГЫУШУ-2025,14-ГЫУШУ-2025,Delivery,03-ГЫУШУ-2025,AC - Accepted: In stock,,399U9,SPX5,,Unconfirmed,02-ГЫУШУ-2025,NO,Prepaid,Invoice,,,142,EGP,7,1,1,,0.00,No
69VED3RS,6221319277219,2224123218,B0DFCJ8K5T,,"Junior Baby Boy Printed Long Sleeve Pajama Set, 18 Months",EGP 282.24,0%,282.24,1,,1,0,0,03-ГЫУШУ-2025,14-ГЫУШУ-2025,Delivery,03-ГЫУШУ-2025,AC - Accepted: In stock,,399U9,SPX5,,Unconfirmed,02-ГЫУШУ-2025,NO,Prepaid,Invoice,,,142,EGP,7,1,1,,0.00,No
69VED3RS,6221319291321,2224132412,B0DFCJDD1T,,"Junior Baby Boy Pajama Set, 12 Months",EGP 427.63,0%,427.63,2,,2,0,0,03-ГЫУШУ-2025,14-ГЫУШУ-2025,Delivery,03-ГЫУШУ-2025,AC - Accepted: In stock,,399U9,SPX5,,Unconfirmed,02-ГЫУШУ-2025,NO,Prepaid,Invoice,,,142,EGP,7,1,1,,0.00,No
69VED3RS,6221319290997,2224131309,B0DFCJFCK9,,"junior Baby Boy Hooded Romper, 9 Months",EGP 282.24,0%,282.24,1,,1,0,0,03-ГЫУШУ-2025,14-ГЫУШУ-2025,Delivery,03-ГЫУШУ-2025,AC - Accepted: In stock,,399U9,SPX5,,Unconfirmed,02-ГЫУШУ-2025,NO,Prepaid,Invoice,,,142,EGP,7,1,1,,0.00,No
69VED3RS,6221319269436,2224126318,B0DFCJK5YW,,"Junior Baby Boy Printed Pajama Set, 18 Months",EGP 282.24,0%,282.24,2,,2,0,0,03-ГЫУШУ-2025,14-ГЫУШУ-2025,Delivery,03-ГЫУШУ-2025,AC - Accepted: In stock,,399U9,SPX5,,Unconfirmed,02-ГЫУШУ-2025,NO,Prepaid,Invoice,,,142,EGP,7,1,1,,0.00,No
69VED3RS,6221319278568,2224124224,B0DFCJQN27,,"Junior Baby Boy's Printed Rounded Pajama Set, 24 Months",EGP 282.24,0%,282.24,3,,3,0,0,03-ГЫУШУ-2025,14-ГЫУШУ-2025,Delivery,03-ГЫУШУ-2025,AC - Accepted: In stock,,399U9,SPX5,,Unconfirmed,02-ГЫУШУ-2025,NO,Prepaid,Invoice,,,142,EGP,7,1,1,,0.00,No
69VED3RS,6221319270470,2224127318,B0DFCJR55C,,"Junior 3pcs Baby Boy's Pants & Hooded Fur jacket & Long sleeve Jumpsuit, 18 Months",EGP 427.63,0%,427.63,2,,2,0,0,03-ГЫУШУ-2025,14-ГЫУШУ-2025,Delivery,03-ГЫУШУ-2025,AC - Accepted: In stock,,399U9,SPX5,,Unconfirmed,02-ГЫУШУ-2025,NO,Prepaid,Invoice,,,142,EGP,7,1,1,,0.00,No
69VED3RS,6221319291048,2224131406,B0DFCJR579,,"Junior 3pcs Baby Boy's Pants & Hooded jacket & Long sleeve Jumpsuit, 6 Months",EGP 427.63,0%,427.63,3,,3,0,0,03-ГЫУШУ-2025,14-ГЫУШУ-2025,Delivery,03-ГЫУШУ-2025,AC - Accepted: In stock,,399U9,SPX5,,Unconfirmed,02-ГЫУШУ-2025,NO,Prepaid,Invoice,,,142,EGP,7,1,1,,0.00,No
69VED3RS,6221319291215,2224132209,B0DFCJS67C,,"Junior Baby Boy Striped Romper, 9 Months",EGP 256.58,0%,256.58,3,,3,0,0,03-ГЫУШУ-2025,14-ГЫУШУ-2025,Delivery,03-ГЫУШУ-2025,AC - Accepted: In stock,,399U9,SPX5,,Unconfirmed,02-ГЫУШУ-2025,NO,Prepaid,Invoice,,,142,EGP,7,1,1,,0.00,No
69VED3RS,6221319284033,2224129318,B0DFCJWPNH,,"Junior Baby Boy Pajama Set, 18 months",EGP 282.24,0%,282.24,3,,3,0,0,03-ГЫУШУ-2025,14-ГЫУШУ-2025,Delivery,03-ГЫУШУ-2025,AC - Accepted: In stock,,399U9,SPX5,,Unconfirmed,02-ГЫУШУ-2025,NO,Prepaid,Invoice,,,142,EGP,7,1,1,,0.00,No
69VED3RS,6221319291338,2224132418,B0DFCJZ1G8,,"Junior Baby Boy Pajama Set, 18 Months",EGP 427.63,0%,427.63,4,,4,0,0,03-ГЫУШУ-2025,14-ГЫУШУ-2025,Delivery,03-ГЫУШУ-2025,AC - Accepted: In stock,,399U9,SPX5,,Unconfirmed,02-ГЫУШУ-2025,NO,Prepaid,Invoice,,,142,EGP,7,1,1,,0.00,No
69VED3RS,6221319291222,2224132212,B0DFCK5R5Q,,"Junior Baby Boy Striped Romper, 12 Months",EGP 256.58,0%,256.58,2,,2,0,0,03-ГЫУШУ-2025,14-ГЫУШУ-2025,Delivery,03-ГЫУШУ-2025,AC - Accepted: In stock,,399U9,SPX5,,Unconfirmed,02-ГЫУШУ-2025,NO,Prepaid,Invoice,,,142,EGP,7,1,1,,0.00,No
69VED3RS,6221319291079,2224131418,B0DFCKBXPN,,"Junior 3pcs Baby Boy's Pants & Hooded jacket & Long sleeve Jumpsuit, 18 Months",EGP 427.63,0%,427.63,1,,1,0,0,03-ГЫУШУ-2025,14-ГЫУШУ-2025,Delivery,03-ГЫУШУ-2025,AC - Accepted: In stock,,399U9,SPX5,,Unconfirmed,02-ГЫУШУ-2025,NO,Prepaid,Invoice,,,142,EGP,7,1,1,,0.00,No
69VED3RS,6221319292687,2224182606,B0DFCKFDBN,,"Junior Baby Girl's Printed Hooded Romper, 6 Months",EGP 282.24,0%,282.24,3,,3,0,0,03-ГЫУШУ-2025,14-ГЫУШУ-2025,Delivery,03-ГЫУШУ-2025,AC - Accepted: In stock,,399U9,SPX5,,Unconfirmed,02-ГЫУШУ-2025,NO,Prepaid,Invoice,,,142,EGP,7,1,1,,0.00,No
69VED3RS,6221319276069,2224122309,B0DFCKHHF5,,"Junior Baby Boy Blue Dog 3D Front Pocket Long Sleeve Romper, 9 Months",EGP 299.34,0%,299.34,2,,2,0,0,03-ГЫУШУ-2025,14-ГЫУШУ-2025,Delivery,03-ГЫУШУ-2025,AC - Accepted: In stock,,399U9,SPX5,,Unconfirmed,02-ГЫУШУ-2025,NO,Prepaid,Invoice,,,142,EGP,7,1,1,,0.00,No
69VED3RS,6221319277264,2224123224,B0DFCKL88C,,"Junior Baby Boy Printed Long Sleeve Pajama Set, 24 Months",EGP 282.24,0%,282.24,3,,3,0,0,03-ГЫУШУ-2025,14-ГЫУШУ-2025,Delivery,03-ГЫУШУ-2025,AC - Accepted: In stock,,399U9,SPX5,,Unconfirmed,02-ГЫУШУ-2025,NO,Prepaid,Invoice,,,142,EGP,7,1,1,,0.00,No
69VED3RS,6221319291307,2224132406,B0DFCKNH4B,,"Junior Baby Boy Pajama Set, 6 Months",EGP 427.63,0%,427.63,4,,4,0,0,03-ГЫУШУ-2025,14-ГЫУШУ-2025,Delivery,03-ГЫУШУ-2025,AC - Accepted: In stock,,399U9,SPX5,,Unconfirmed,02-ГЫУШУ-2025,NO,Prepaid,Invoice,,,142,EGP,7,1,1,,0.00,No
69VED3RS,6221319279770,2224125312,B0DFCKRZJD,,"Junior Baby Boy Printed Pajama Set, 12 Months",EGP 399.12,0%,399.12,2,,2,0,0,03-ГЫУШУ-2025,14-ГЫУШУ-2025,Delivery,03-ГЫУШУ-2025,AC - Accepted: In stock,,399U9,SPX5,,Unconfirmed,02-ГЫУШУ-2025,NO,Prepaid,Invoice,,,142,EGP,7,1,1,,0.00,No
69VED3RS,6221319270517,2224127324,B0DFCKS1PM,,"Junior 3pcs Baby Boy's Pants & Hooded Fur jacket & Long sleeve Jumpsuit, 24 Months",EGP 427.63,0%,427.63,3,,3,0,0,03-ГЫУШУ-2025,14-ГЫУШУ-2025,Delivery,03-ГЫУШУ-2025,AC - Accepted: In stock,,399U9,SPX5,,Unconfirmed,02-ГЫУШУ-2025,NO,Prepaid,Invoice,,,142,EGP,7,1,1,,0.00,No
69VED3RS,6221319279657,2224125303,B0DFCKSXF7,,"Junior Baby Boy Printed Pajama Set, 3 Months",EGP 399.12,0%,399.12,1,,1,0,0,03-ГЫУШУ-2025,14-ГЫУШУ-2025,Delivery,03-ГЫУШУ-2025,AC - Accepted: In stock,,399U9,SPX5,,Unconfirmed,02-ГЫУШУ-2025,NO,Prepaid,Invoice,,,142,EGP,7,1,1,,0.00,No
69VED3RS,6221319279459,2224125206,B0DFCL96SG,,"Junior Baby Boy Printed Pajama Set, 6 Months",EGP 282.24,0%,282.24,1,,1,0,0,03-ГЫУШУ-2025,14-ГЫУШУ-2025,Delivery,03-ГЫУШУ-2025,AC - Accepted: In stock,,399U9,SPX5,,Unconfirmed,02-ГЫУШУ-2025,NO,Prepaid,Invoice,,,142,EGP,7,1,1,,0.00,No
69VED3RS,6221319275024,2224172312,B0DFWF2QYR,,"Junior Baby Boy 3pcs set Long Sleeve Hooded Jacket & Long Sleeve Jumpsuit & Pants, 12 Months",EGP 427.63,0%,427.63,4,,4,0,0,03-ГЫУШУ-2025,14-ГЫУШУ-2025,Delivery,03-ГЫУШУ-2025,AC - Accepted: In stock,,399U9,SPX5,,Unconfirmed,02-ГЫУШУ-2025,NO,Prepaid,Invoice,,,142,EGP,7,1,1,,0.00,No
69VED3RS,6221319273662,2224120324,B0DFWGL6LP,,"Junior Baby Boy 3pcs set Hooded Jacket & Long Sleeve Jumpsuit & Printed Footed Pants, 18-24 Months",EGP 427.63,0%,427.63,4,,4,0,0,03-ГЫУШУ-2025,14-ГЫУШУ-2025,Delivery,03-ГЫУШУ-2025,AC - Accepted: In stock,,399U9,SPX5,,Unconfirmed,02-ГЫУШУ-2025,NO,Prepaid,Invoice,,,142,EGP,7,1,1,,0.00,No
69VED3RS,6221319277516,2224123318,B0DFWGLJ7R,,"Junior Baby Boy 3pcs set Full Zipper Hoodie & Long Sleeve Jumpsuit & Printed Pants, 12-18 Months",EGP 399.12,0%,399.12,2,,2,0,0,03-ГЫУШУ-2025,14-ГЫУШУ-2025,Delivery,03-ГЫУШУ-2025,AC - Accepted: In stock,,399U9,SPX5,,Unconfirmed,02-ГЫУШУ-2025,NO,Prepaid,Invoice,,,142,EGP,7,1,1,,0.00,No
69VED3RS,6221319278735,2224124312,B0DFWGLN5Z,,"Junior Baby Boy 3pcs set Long Sleeve Jacket with side pocket & Long Sleeve Jumpsuit & Pants, 9-12 Months",EGP 399.12,0%,399.12,2,,2,0,0,03-ГЫУШУ-2025,14-ГЫУШУ-2025,Delivery,03-ГЫУШУ-2025,AC - Accepted: In stock,,399U9,SPX5,,Unconfirmed,02-ГЫУШУ-2025,NO,Prepaid,Invoice,,,142,EGP,7,1,1,,0.00,No
69VED3RS,6221319278698,2224124309,B0DFWGP92Q,,"Junior Baby Boy 3pcs set Long Sleeve Jacket with side pocket & Long Sleeve Jumpsuit & Pants, 6-9 Months",EGP 399.12,0%,399.12,3,,3,0,0,03-ГЫУШУ-2025,14-ГЫУШУ-2025,Delivery,03-ГЫУШУ-2025,AC - Accepted: In stock,,399U9,SPX5,,Unconfirmed,02-ГЫУШУ-2025,NO,Prepaid,Invoice,,,142,EGP,7,1,1,,0.00,No
69VED3RS,6221319273518,2224120309,B0DFWGS2WL,,"Junior Baby Boy 3pcs set Hooded Jacket & Long Sleeve Jumpsuit & Printed Footed Pants, 6-9 Months",EGP 674.57,37%,427.63,1,,1,0,0,03-ГЫУШУ-2025,14-ГЫУШУ-2025,Delivery,03-ГЫУШУ-2025,AC - Accepted: In stock,,399U9,SPX5,,Unconfirmed,02-ГЫУШУ-2025,NO,Prepaid,Invoice,,,142,EGP,7,1,1,,0.00,No
69VED3RS,6221319273617,2224120318,B0DFWGYB6T,,"Junior Baby Boy 3pcs set Hooded Jacket & Long Sleeve Jumpsuit & Printed Footed Pants, 12-18 Months",EGP 427.63,0%,427.63,6,,6,0,0,03-ГЫУШУ-2025,14-ГЫУШУ-2025,Delivery,03-ГЫУШУ-2025,AC - Accepted: In stock,,399U9,SPX5,,Unconfirmed,02-ГЫУШУ-2025,NO,Prepaid,Invoice,,,142,EGP,7,1,1,,0.00,No
69VED3RS,6221319284064,2224129406,B0DFWH6SHF,,"Junior Baby Boy 3pcs set Long Sleeve Jacket & Long Sleeve Jumpsuit & Pants 6, 3-6 Months",EGP 399.12,0%,399.12,3,,3,0,0,03-ГЫУШУ-2025,14-ГЫУШУ-2025,Delivery,03-ГЫУШУ-2025,AC - Accepted: In stock,,399U9,SPX5,,Unconfirmed,02-ГЫУШУ-2025,NO,Prepaid,Invoice,,,142,EGP,7,1,1,,0.00,No
69VED3RS,6221319275727,2224173106,B0DFWH7QWT,,"Junior Baby Boy Set Printed Sweatshirt & Pants 6, 3-6 Months",EGP 282.24,0%,282.24,2,,2,0,0,03-ГЫУШУ-2025,14-ГЫУШУ-2025,Delivery,03-ГЫУШУ-2025,AC - Accepted: In stock,,399U9,SPX5,,Unconfirmed,02-ГЫУШУ-2025,NO,Prepaid,Invoice,,,142,EGP,7,1,1,,0.00,No
69VED3RS,6221319282787,2224176912,B0DFWH9NXF,,"Junior Baby Girl Plaid Romper, 12 Months",EGP 256.58,0%,256.58,2,,2,0,0,03-ГЫУШУ-2025,14-ГЫУШУ-2025,Delivery,03-ГЫУШУ-2025,AC - Accepted: In stock,,399U9,SPX5,,Unconfirmed,02-ГЫУШУ-2025,NO,Prepaid,Invoice,,,142,EGP,7,1,1,,0.00,No
69VED3RS,6221319277318,2224123303,B0DFWHDZCY,,"Junior Baby Boy 3pcs set Full Zipper Hoodie & Long Sleeve Jumpsuit & Printed Footed Pants, 0-3 Months",EGP 399.12,0%,399.12,3,,3,0,0,03-ГЫУШУ-2025,14-ГЫУШУ-2025,Delivery,03-ГЫУШУ-2025,AC - Accepted: In stock,,399U9,SPX5,,Unconfirmed,02-ГЫУШУ-2025,NO,Prepaid,Invoice,,,142,EGP,7,1,1,,0.00,No
69VED3RS,6221319274928,2224172306,B0DFWHHWY9,,"Junior Baby Boy 3pcs set Long Sleeve Hooded Jacket & Long Sleeve Jumpsuit & Pants 6, 3-6 Months",EGP 427.63,0%,427.63,2,,2,0,0,03-ГЫУШУ-2025,14-ГЫУШУ-2025,Delivery,03-ГЫУШУ-2025,AC - Accepted: In stock,,399U9,SPX5,,Unconfirmed,02-ГЫУШУ-2025,NO,Prepaid,Invoice,,,142,EGP,7,1,1,,0.00,No
69VED3RS,6221319275871,2224173118,B0DFWHJWFJ,,"Junior Baby Boy Set Printed Sweatshirt & Pants, 18 Months",EGP 282.24,0%,282.24,3,,3,0,0,03-ГЫУШУ-2025,14-ГЫУШУ-2025,Delivery,03-ГЫУШУ-2025,AC - Accepted: In stock,,399U9,SPX5,,Unconfirmed,02-ГЫУШУ-2025,NO,Prepaid,Invoice,,,142,EGP,7,1,1,,0.00,No
69VED3RS,6221319274973,2224172309,B0DFWHL6V8,,"Junior Baby Boy 3pcs set Long Sleeve Hooded Jacket & Long Sleeve Jumpsuit & Pants 9, 6-9 Months",EGP 427.63,0%,427.63,2,,2,0,0,03-ГЫУШУ-2025,14-ГЫУШУ-2025,Delivery,03-ГЫУШУ-2025,AC - Accepted: In stock,,399U9,SPX5,,Unconfirmed,02-ГЫУШУ-2025,NO,Prepaid,Invoice,,,142,EGP,7,1,1,,0.00,No
69VED3RS,6221319284361,2224130424,B0DFWHMSMY,,"Junior Baby Boy 3pcs set Long Sleeve Jacket & Long Sleeve Jumpsuit & Pants, 24 Months",EGP 399.12,0%,399.12,10,,10,0,0,03-ГЫУШУ-2025,14-ГЫУШУ-2025,Delivery,03-ГЫУШУ-2025,AC - Accepted: In stock,,399U9,SPX5,,Unconfirmed,02-ГЫУШУ-2025,NO,Prepaid,Invoice,,,142,EGP,7,1,1,,0.00,No
69VED3RS,6221319284323,2224130406,B0DFWHQ7R4,,"Junior Baby Boy 3pcs set Long Sleeve Jacket & Long Sleeve Jumpsuit & Pants 6, 3-6 Months",EGP 399.12,0%,399.12,2,,2,0,0,03-ГЫУШУ-2025,14-ГЫУШУ-2025,Delivery,03-ГЫУШУ-2025,AC - Accepted: In stock,,399U9,SPX5,,Unconfirmed,02-ГЫУШУ-2025,NO,Prepaid,Invoice,,,142,EGP,7,1,1,,0.00,No
69VED3RS,6221319277417,2224123309,B0DFWHRJ21,,"Junior Baby Boy 3pcs set Full Zipper Hoodie & Long Sleeve Jumpsuit & Printed Pants, 6-9 Months",EGP 399.12,0%,399.12,2,,2,0,0,03-ГЫУШУ-2025,14-ГЫУШУ-2025,Delivery,03-ГЫУШУ-2025,AC - Accepted: In stock,,399U9,SPX5,,Unconfirmed,02-ГЫУШУ-2025,NO,Prepaid,Invoice,,,142,EGP,7,1,1,,0.00,No
69VED3RS,6221319284347,2224130412,B0DFWJ246L,,"Junior Baby Boy 3pcs set Long Sleeve Jacket & Long Sleeve Jumpsuit & Pants, 12 Months",EGP 399.12,0%,399.12,12,,12,0,0,03-ГЫУШУ-2025,14-ГЫУШУ-2025,Delivery,03-ГЫУШУ-2025,AC - Accepted: In stock,,399U9,SPX5,,Unconfirmed,02-ГЫУШУ-2025,NO,Prepaid,Invoice,,,142,EGP,7,1,1,,0.00,No
69VED3RS,6221319282756,2224176903,B0DFWJ82CK,,"Junior Baby Girl Plaid Footed Romper, 3 Months",EGP 256.58,0%,256.58,1,,1,0,0,03-ГЫУШУ-2025,14-ГЫУШУ-2025,Delivery,03-ГЫУШУ-2025,AC - Accepted: In stock,,399U9,SPX5,,Unconfirmed,02-ГЫУШУ-2025,NO,Prepaid,Invoice,,,142,EGP,7,1,1,,0.00,No
69VED3RS,6221319273464,2224120306,B0DFWJVJH6,,"Junior Baby Boy 3pcs set Hooded Jacket & Long Sleeve Jumpsuit & Printed Pants, 3-6 Months",EGP 427.63,0%,427.63,2,,2,0,0,03-ГЫУШУ-2025,14-ГЫУШУ-2025,Delivery,03-ГЫУШУ-2025,AC - Accepted: In stock,,399U9,SPX5,,Unconfirmed,02-ГЫУШУ-2025,NO,Prepaid,Invoice,,,142,EGP,7,1,1,,0.00,No
69VED3RS,6221319282824,2224177012,B0DFWK3MYJ,,"Junior Baby Girl Hooded two tones Romper, 12 Months",EGP 282.24,0%,282.24,2,,2,0,0,03-ГЫУШУ-2025,14-ГЫУШУ-2025,Delivery,03-ГЫУШУ-2025,AC - Accepted: In stock,,399U9,SPX5,,Unconfirmed,02-ГЫУШУ-2025,NO,Prepaid,Invoice,,,142,EGP,7,1,1,,0.00,No
69VED3RS,6221319284200,2224130112,B0DFWK4RF7,,"Junior Baby Boy Fur Collar Romper, 12 Months",EGP 256.58,0%,256.58,6,,6,0,0,03-ГЫУШУ-2025,14-ГЫУШУ-2025,Delivery,03-ГЫУШУ-2025,AC - Accepted: In stock,,399U9,SPX5,,Unconfirmed,02-ГЫУШУ-2025,NO,Prepaid,Invoice,,,142,EGP,7,1,1,,0.00,No
69VED3RS,6221319284354,2224130418,B0DFWK5G18,,"Junior Baby Boy 3pcs set Long Sleeve Jacket & Long Sleeve Jumpsuit & Pants, 18 Months",EGP 399.12,0%,399.12,12,,12,0,0,03-ГЫУШУ-2025,14-ГЫУШУ-2025,Delivery,03-ГЫУШУ-2025,AC - Accepted: In stock,,399U9,SPX5,,Unconfirmed,02-ГЫУШУ-2025,NO,Prepaid,Invoice,,,142,EGP,7,1,1,,0.00,No
69VED3RS,6221319284187,2224130106,B0DFWK5T7L,,"Junior Baby Boy Fur Collar Romper 6, 3-6 Months",EGP 256.58,0%,256.58,3,,3,0,0,03-ГЫУШУ-2025,14-ГЫУШУ-2025,Delivery,03-ГЫУШУ-2025,AC - Accepted: In stock,,399U9,SPX5,,Unconfirmed,02-ГЫУШУ-2025,NO,Prepaid,Invoice,,,142,EGP,7,1,1,,0.00,No
69VED3RS,6221319277363,2224123306,B0DFWK7SND,,"Junior Baby Boy 3pcs set Full Zipper Hoodie & Long Sleeve Jumpsuit & Printed Pants, 3-6 Months",EGP 399.12,0%,399.12,1,,1,0,0,03-ГЫУШУ-2025,14-ГЫУШУ-2025,Delivery,03-ГЫУШУ-2025,AC - Accepted: In stock,,399U9,SPX5,,Unconfirmed,02-ГЫУШУ-2025,NO,Prepaid,Invoice,,,142,EGP,7,1,1,,0.00,No
69VED3RS,6221319275079,2224172318,B0DFWKNFV9,,"Junior Baby Boy 3pcs set Long Sleeve Hooded Jacket & Long Sleeve Jumpsuit & Pants, 18 Months",EGP 427.63,0%,427.63,9,,9,0,0,03-ГЫУШУ-2025,14-ГЫУШУ-2025,Delivery,03-ГЫУШУ-2025,AC - Accepted: In stock,,399U9,SPX5,,Unconfirmed,02-ГЫУШУ-2025,NO,Prepaid,Invoice,,,142,EGP,7,1,1,,0.00,No
69VED3RS,6221319275772,2224173109,B0DFWL8HFV,,"Junior Baby Boy Set Printed Sweatshirt & Pants 9, 6-9 Months",EGP 282.24,0%,282.24,1,,1,0,0,03-ГЫУШУ-2025,14-ГЫУШУ-2025,Delivery,03-ГЫУШУ-2025,AC - Accepted: In stock,,399U9,SPX5,,Unconfirmed,02-ГЫУШУ-2025,NO,Prepaid,Invoice,,,142,EGP,7,1,1,,0.00,No
69VED3RS,6221319276366,2224122503,B0DGGCTD81,,"Junior Baby Boy Printed Blanket, 3 Months",EGP 299.34,0%,299.34,1,,1,0,0,03-ГЫУШУ-2025,14-ГЫУШУ-2025,Delivery,03-ГЫУШУ-2025,AC - Accepted: In stock,,399U9,SPX5,,Unconfirmed,02-ГЫУШУ-2025,NO,Prepaid,Invoice,,,142,EGP,7,1,1,,0.00,No
69VED3RS,6221319274126,2224171903,B0DGGCWZK4,,"Junior Baby Girl 2pcs Printed Mittens, 3 Months",EGP 85.53,0%,85.53,1,,1,0,0,03-ГЫУШУ-2025,14-ГЫУШУ-2025,Delivery,03-ГЫУШУ-2025,AC - Accepted: In stock,,399U9,SPX5,,Unconfirmed,02-ГЫУШУ-2025,NO,Prepaid,Invoice,,,142,EGP,7,1,1,,0.00,No
69VED3RS,6221319282749,2224176803,B0DGGCXQGV,,"Junior Baby Girl 2pcs Printed Mittens, 3 Months",EGP 85.53,0%,85.53,4,,4,0,0,03-ГЫУШУ-2025,14-ГЫУШУ-2025,Delivery,03-ГЫУШУ-2025,AC - Accepted: In stock,,399U9,SPX5,,Unconfirmed,02-ГЫУШУ-2025,NO,Prepaid,Invoice,,,142,EGP,7,1,1,,0.00,No
69VED3RS,6221319291895,2224179603,B0DGGD46FB,,"Junior Baby Girl 2pcs Printed Bibs, 3 Months",EGP 96.93,0%,96.93,4,,4,0,0,03-ГЫУШУ-2025,14-ГЫУШУ-2025,Delivery,03-ГЫУШУ-2025,AC - Accepted: In stock,,399U9,SPX5,,Unconfirmed,02-ГЫУШУ-2025,NO,Prepaid,Invoice,,,142,EGP,7,1,1,,0.00,No
69VED3RS,6221319273716,2224120403,B0DGGD6D56,,"Junior Baby Boy Bear Patterned Blanket, 3 Months",EGP 299.34,0%,299.34,3,,3,0,0,03-ГЫУШУ-2025,14-ГЫУШУ-2025,Delivery,03-ГЫУШУ-2025,AC - Accepted: In stock,,399U9,SPX5,,Unconfirmed,02-ГЫУШУ-2025,NO,Prepaid,Invoice,,,142,EGP,7,1,1,,0.00,No
69VED3RS,6221319291383,2224132803,B0DGGD9H8N,,"Junior Baby Boy 2pcs Printed Bibs, 3 Months",EGP 96.93,0%,96.93,9,,9,0,0,03-ГЫУШУ-2025,14-ГЫУШУ-2025,Delivery,03-ГЫУШУ-2025,AC - Accepted: In stock,,399U9,SPX5,,Unconfirmed,02-ГЫУШУ-2025,NO,Prepaid,Invoice,,,142,EGP,7,1,1,,0.00,No
69VED3RS,6221319270678,2224127703,B0DGGDBKF5,,"Junior Unisex Baby 2pcs Printed Bib, 3 Months",EGP 96.93,0%,96.93,16,,16,0,0,03-ГЫУШУ-2025,14-ГЫУШУ-2025,Delivery,03-ГЫУШУ-2025,AC - Accepted: In stock,,399U9,SPX5,,Unconfirmed,02-ГЫУШУ-2025,NO,Prepaid,Invoice,,,142,EGP,7,1,1,,0.00,No
69VED3RS,6221319270753,2224127903,B0DGGDPNSF,,"Junior Baby Boy 2pcs Printed Comfortable Breathable Mittens, 3 Months",EGP 85.53,0%,85.53,6,,6,0,0,03-ГЫУШУ-2025,14-ГЫУШУ-2025,Delivery,03-ГЫУШУ-2025,AC - Accepted: In stock,,399U9,SPX5,,Unconfirmed,02-ГЫУШУ-2025,NO,Prepaid,Invoice,,,142,EGP,7,1,1,,0.00,No
69VED3RS,6221319276564,2224122903,B0DGGDR7MH,,"Junior Baby Boy 2pcs Dog Pattern Comfortable Breathable Mittens, 3 Months",EGP 85.53,0%,85.53,8,,8,0,0,03-ГЫУШУ-2025,14-ГЫУШУ-2025,Delivery,03-ГЫУШУ-2025,AC - Accepted: In stock,,399U9,SPX5,,Unconfirmed,02-ГЫУШУ-2025,NO,Prepaid,Invoice,,,142,EGP,7,1,1,,0.00,No
69VED3RS,6221319282480,2224175803,B0DGGF5Z3Y,,"Junior Baby Girl 2pcs Printed Mittens, 3 Months",EGP 85.53,0%,85.53,1,,1,0,0,03-ГЫУШУ-2025,14-ГЫУШУ-2025,Delivery,03-ГЫУШУ-2025,AC - Accepted: In stock,,399U9,SPX5,,Unconfirmed,02-ГЫУШУ-2025,NO,Prepaid,Invoice,,,142,EGP,7,1,1,,0.00,No
69VED3RS,6221319291093,2224131503,B0DGGF62ZJ,,"Junior Baby Boy Printed Blanket, 3 Months",EGP 299.34,0%,299.34,1,,1,0,0,03-ГЫУШУ-2025,14-ГЫУШУ-2025,Delivery,03-ГЫУШУ-2025,AC - Accepted: In stock,,399U9,SPX5,,Unconfirmed,02-ГЫУШУ-2025,NO,Prepaid,Invoice,,,142,EGP,7,1,1,,0.00,No
69VED3RS,6221319273815,2224120603,B0DGGF9GNK,,"Junior Baby Boy Bear Patterned Swaddling Blanket, 3 Months",EGP 356.36,0%,356.36,4,,4,0,0,03-ГЫУШУ-2025,14-ГЫУШУ-2025,Delivery,03-ГЫУШУ-2025,AC - Accepted: In stock,,399U9,SPX5,,Unconfirmed,02-ГЫУШУ-2025,NO,Prepaid,Invoice,,,142,EGP,7,1,1,,0.00,No
69VED3RS,6221319282220,2224131003,B0DGGFCPC1,,"Junior Baby Boy 2pcs Printed Fur Mittens, 3 Months",EGP 85.53,0%,85.53,9,,9,0,0,03-ГЫУШУ-2025,14-ГЫУШУ-2025,Delivery,03-ГЫУШУ-2025,AC - Accepted: In stock,,399U9,SPX5,,Unconfirmed,02-ГЫУШУ-2025,NO,Prepaid,Invoice,,,142,EGP,7,1,1,,0.00,No
69VED3RS,6221319273969,2224120903,B0DGGFPH6C,,"Junior Baby Boy 2pcs Bear Printed Comfortable Breathable Mittens, 3 Months",EGP 85.53,0%,85.53,7,,7,0,0,03-ГЫУШУ-2025,14-ГЫУШУ-2025,Delivery,03-ГЫУШУ-2025,AC - Accepted: In stock,,399U9,SPX5,,Unconfirmed,02-ГЫУШУ-2025,NO,Prepaid,Invoice,,,142,EGP,7,1,1,,0.00,No
69VED3RS,6221319271798,2224128903,B0DGGFW2N9,,"Junior Baby Boy 2pcs Printed Comfortable Breathable Mittens, 3 Months",EGP 85.53,0%,85.53,10,,10,0,0,03-ГЫУШУ-2025,14-ГЫУШУ-2025,Delivery,03-ГЫУШУ-2025,AC - Accepted: In stock,,399U9,SPX5,,Unconfirmed,02-ГЫУШУ-2025,NO,Prepaid,Invoice,,,142,EGP,7,1,1,,0.00,No
69VED3RS,6221319272634,2224170503,B0DGGFXCC9,,"Junior Baby Girl Printed Blanket, 3 Months",EGP 299.34,0%,299.34,1,,1,0,0,03-ГЫУШУ-2025,14-ГЫУШУ-2025,Delivery,03-ГЫУШУ-2025,AC - Accepted: In stock,,399U9,SPX5,,Unconfirmed,02-ГЫУШУ-2025,NO,Prepaid,Invoice,,,142,EGP,7,1,1,,0.00,No
69VED3RS,6221319279053,2224124903,B0DGGFXMSN,,"Junior Baby Boy 2pcs Printed Comfortable Breathable Mittens, 3 Months",EGP 85.53,0%,85.53,5,,5,0,0,03-ГЫУШУ-2025,14-ГЫУШУ-2025,Delivery,03-ГЫУШУ-2025,AC - Accepted: In stock,,399U9,SPX5,,Unconfirmed,02-ГЫУШУ-2025,NO,Prepaid,Invoice,,,142,EGP,7,1,1,,0.00,No
69VED3RS,6221319284163,2224130003,B0DGGG329V,,"Junior Baby Boy 2pcs Dino Pattern Mittens, 3 Months",EGP 85.53,0%,85.53,12,,12,0,0,03-ГЫУШУ-2025,14-ГЫУШУ-2025,Delivery,03-ГЫУШУ-2025,AC - Accepted: In stock,,399U9,SPX5,,Unconfirmed,02-ГЫУШУ-2025,NO,Prepaid,Invoice,,,142,EGP,7,1,1,,0.00,No
69VED3RS,6221319282695,2224176303,B0DGGG3LF8,,"Junior Baby Girl Printed Blanket, 3 Months",EGP 299.34,0%,299.34,2,,2,0,0,03-ГЫУШУ-2025,14-ГЫУШУ-2025,Delivery,03-ГЫУШУ-2025,AC - Accepted: In stock,,399U9,SPX5,,Unconfirmed,02-ГЫУШУ-2025,NO,Prepaid,Invoice,,,142,EGP,7,1,1,,0.00,No
69VED3RS,6221319278858,2224124403,B0DGGGJZD4,,"Junior Baby Boy Printed Blanket, 3 Months",EGP 299.34,0%,299.34,5,,5,0,0,03-ГЫУШУ-2025,14-ГЫУШУ-2025,Delivery,03-ГЫУШУ-2025,AC - Accepted: In stock,,399U9,SPX5,,Unconfirmed,02-ГЫУШУ-2025,NO,Prepaid,Invoice,,,142,EGP,7,1,1,,0.00,No
69VED3RS,6221319275420,2224172903,B0DGGJ5QM7,,"Junior Baby Girl 2pcs Printed Mittens, 3 Months",EGP 85.53,0%,85.53,3,,3,0,0,03-ГЫУШУ-2025,14-ГЫУШУ-2025,Delivery,03-ГЫУШУ-2025,AC - Accepted: In stock,,399U9,SPX5,,Unconfirmed,02-ГЫУШУ-2025,NO,Prepaid,Invoice,,,142,EGP,7,1,1,,0.00,No
69VED3RS,6221319274638,2224340608,B0DGTWK81D,,"Junior Girl Hooded Full Zipper Pajama Set, 8 Years",EGP 413.38,0%,413.38,2,,2,0,0,03-ГЫУШУ-2025,14-ГЫУШУ-2025,Delivery,03-ГЫУШУ-2025,AC - Accepted: In stock,,399U9,SPX5,,Unconfirmed,02-ГЫУШУ-2025,NO,Prepaid,Invoice,,,142,EGP,7,1,1,,0.00,No
69VED3RS,6221319274386,2224340508,B0DGTWNGT9,,"Junior Girl Hooded Long Sleeve Pajama Set, 8 Years",EGP 399.12,0%,399.12,2,,2,0,0,03-ГЫУШУ-2025,14-ГЫУШУ-2025,Delivery,03-ГЫУШУ-2025,AC - Accepted: In stock,,399U9,SPX5,,Unconfirmed,02-ГЫУШУ-2025,NO,Prepaid,Invoice,,,142,EGP,7,1,1,,0.00,No
69VED3RS,6221319276687,2224341503,B0DGTX696F,,"Junior Girls 2pcs Pajama Set, Printed Hooded Long Sleeve Sweatshirt and Pants, Everyday loungwear, 3 Years",EGP 399.12,0%,399.12,2,,2,0,0,03-ГЫУШУ-2025,14-ГЫУШУ-2025,Delivery,03-ГЫУШУ-2025,AC - Accepted: In stock,,399U9,SPX5,,Unconfirmed,02-ГЫУШУ-2025,NO,Prepaid,Invoice,,,142,EGP,7,1,1,,0.00,No
69VED3RS,6221319275185,2224340903,B0DGTXBDMF,,"Junior Girl Hooded Pajama Set, 3 Years",EGP 427.63,0%,427.63,2,,2,0,0,03-ГЫУШУ-2025,14-ГЫУШУ-2025,Delivery,03-ГЫУШУ-2025,AC - Accepted: In stock,,399U9,SPX5,,Unconfirmed,02-ГЫУШУ-2025,NO,Prepaid,Invoice,,,142,EGP,7,1,1,,0.00,No
69VED3RS,6221319293578,2224342508,B0DGTXK1ST,,"Junior Girls 2pcs Rounded Set, 8 Years",EGP 356.36,0%,356.36,2,,2,0,0,03-ГЫУШУ-2025,14-ГЫУШУ-2025,Delivery,03-ГЫУШУ-2025,AC - Accepted: In stock,,399U9,SPX5,,Unconfirmed,02-ГЫУШУ-2025,NO,Prepaid,Invoice,,,142,EGP,7,1,1,,0.00,No
69VED3RS,6221319274430,2224340603,B0DGTY17Q8,,"Junior Girl Hooded Full Zipper Pajama Set, 3 Years",EGP 413.38,0%,413.38,1,,1,0,0,03-ГЫУШУ-2025,14-ГЫУШУ-2025,Delivery,03-ГЫУШУ-2025,AC - Accepted: In stock,,399U9,SPX5,,Unconfirmed,02-ГЫУШУ-2025,NO,Prepaid,Invoice,,,142,EGP,7,1,1,,0.00,No
69VED3RS,6221319276434,2224341403,B0DGTYBRR9,,"Junior Young Girl Printed Sweatshirt and Pants Pajama Set, 3 Years",EGP 370.61,0%,370.61,2,,2,0,0,03-ГЫУШУ-2025,14-ГЫУШУ-2025,Delivery,03-ГЫУШУ-2025,AC - Accepted: In stock,,399U9,SPX5,,Unconfirmed,02-ГЫУШУ-2025,NO,Prepaid,Invoice,,,142,EGP,7,1,1,,0.00,No
69VED3RS,6221319275789,2224341105,B0DGTYCM98,,"Junior Girl Long Sleeve Pajama Set, 5 Years",EGP 356.36,0%,356.36,2,,2,0,0,03-ГЫУШУ-2025,14-ГЫУШУ-2025,Delivery,03-ГЫУШУ-2025,AC - Accepted: In stock,,399U9,SPX5,,Unconfirmed,02-ГЫУШУ-2025,NO,Prepaid,Invoice,,,142,EGP,7,1,1,,0.00,No
69VED3RS,6221319273037,2224340005,B0DGTYMVLQ,,"Junior Girl Giraffe Print Cozy Long Sleeve Pajama Set, 5 Years",EGP 356.36,0%,356.36,1,,1,0,0,03-ГЫУШУ-2025,14-ГЫУШУ-2025,Delivery,03-ГЫУШУ-2025,AC - Accepted: In stock,,399U9,SPX5,,Unconfirmed,02-ГЫУШУ-2025,NO,Prepaid,Invoice,,,142,EGP,7,1,1,,0.00,No
69VED3RS,6221319293493,2224342404,B0DGTYSK94,,"Junior Girls 2 pcs Hooded Printed Set, 4 Years",EGP 399.12,0%,399.12,2,,2,0,0,03-ГЫУШУ-2025,14-ГЫУШУ-2025,Delivery,03-ГЫУШУ-2025,AC - Accepted: In stock,,399U9,SPX5,,Unconfirmed,02-ГЫУШУ-2025,NO,Prepaid,Invoice,,,142,EGP,7,1,1,,0.00,No
69VED3RS,6221319293622,2224342608,B0DGTYVR4Z,,"Junior Girls 2pcs Rounded Set, 8 Years",EGP 356.36,0%,356.36,2,,2,0,0,03-ГЫУШУ-2025,14-ГЫУШУ-2025,Delivery,03-ГЫУШУ-2025,AC - Accepted: In stock,,399U9,SPX5,,Unconfirmed,02-ГЫУШУ-2025,NO,Prepaid,Invoice,,,142,EGP,7,1,1,,0.00,No
69VED3RS,6221319273884,2224340308,B0DGTZ1PJW,,"Junior Girl Long Sleeve Pajama Set, 8 Years",EGP 356.36,0%,356.36,2,,2,0,0,03-ГЫУШУ-2025,14-ГЫУШУ-2025,Delivery,03-ГЫУШУ-2025,AC - Accepted: In stock,,399U9,SPX5,,Unconfirmed,02-ГЫУШУ-2025,NO,Prepaid,Invoice,,,142,EGP,7,1,1,,0.00,No
69VED3RS,6221319275833,2224341106,B0DGTZ1W2J,,"Junior Girl Long Sleeve Pajama Set, 6 Years",EGP 356.36,0%,356.36,4,,4,0,0,03-ГЫУШУ-2025,14-ГЫУШУ-2025,Delivery,03-ГЫУШУ-2025,AC - Accepted: In stock,,399U9,SPX5,,Unconfirmed,02-ГЫУШУ-2025,NO,Prepaid,Invoice,,,142,EGP,7,1,1,,0.00,No
69VED3RS,6221319275086,2224340806,B0DGTZ8NNR,,"Junior Girl High Collar Printed Pajama Set, 6 Years",EGP 370.61,0%,370.61,2,,2,0,0,03-ГЫУШУ-2025,14-ГЫУШУ-2025,Delivery,03-ГЫУШУ-2025,AC - Accepted: In stock,,399U9,SPX5,,Unconfirmed,02-ГЫУШУ-2025,NO,Prepaid,Invoice,,,142,EGP,7,1,1,,0.00,No
69VED3RS,6221319275932,2224341203,B0DGTZBXG2,,"Junior Girl Hooded Full Zipper Pajama Set, 3 Years",EGP 427.63,0%,427.63,2,,2,0,0,03-ГЫУШУ-2025,14-ГЫУШУ-2025,Delivery,03-ГЫУШУ-2025,AC - Accepted: In stock,,399U9,SPX5,,Unconfirmed,02-ГЫУШУ-2025,NO,Prepaid,Invoice,,,142,EGP,7,1,1,,0.00,No
69VED3RS,6221319275482,2224341004,B0DGTZG81S,,"Junior Girl Long Sleeve Pajama Set, 4 Years",EGP 356.36,0%,356.36,2,,2,0,0,03-ГЫУШУ-2025,14-ГЫУШУ-2025,Delivery,03-ГЫУШУ-2025,AC - Accepted: In stock,,399U9,SPX5,,Unconfirmed,02-ГЫУШУ-2025,NO,Prepaid,Invoice,,,142,EGP,7,1,1,,0.00,No
69VED3RS,6221319293271,2224341908,B0DGTZHRZD,,"Junior Girl Rounded Printed Long Sleeve Pajama Set, 8 Years",EGP 356.36,0%,356.36,2,,2,0,0,03-ГЫУШУ-2025,14-ГЫУШУ-2025,Delivery,03-ГЫУШУ-2025,AC - Accepted: In stock,,399U9,SPX5,,Unconfirmed,02-ГЫУШУ-2025,NO,Prepaid,Invoice,,,142,EGP,7,1,1,,0.00,No
69VED3RS,6221319293561,2224342506,B0DGTZK4J1,,"Junior Girls 2pcs Rounded Set, 6 Years",EGP 356.36,0%,356.36,2,,2,0,0,03-ГЫУШУ-2025,14-ГЫУШУ-2025,Delivery,03-ГЫУШУ-2025,AC - Accepted: In stock,,399U9,SPX5,,Unconfirmed,02-ГЫУШУ-2025,NO,Prepaid,Invoice,,,142,EGP,7,1,1,,0.00,No
69VED3RS,6221319276380,2224341308,B0DGTZTLN7,,"Junior Girl High Collar Printed Set, 8 Years",EGP 384.87,0%,384.87,2,,2,0,0,03-ГЫУШУ-2025,14-ГЫУШУ-2025,Delivery,03-ГЫУШУ-2025,AC - Accepted: In stock,,399U9,SPX5,,Unconfirmed,02-ГЫУШУ-2025,NO,Prepaid,Invoice,,,142,EGP,7,1,1,,0.00,No
69VED3RS,6221319276335,2224341306,B0DGV11J55,,"Junior Girl High Collar Printed Set, 6 Years",EGP 384.87,0%,384.87,6,,6,0,0,03-ГЫУШУ-2025,14-ГЫУШУ-2025,Delivery,03-ГЫУШУ-2025,AC - Accepted: In stock,,399U9,SPX5,,Unconfirmed,02-ГЫУШУ-2025,NO,Prepaid,Invoice,,,142,EGP,7,1,1,,0.00,No
69VED3RS,6221319275130,2224340808,B0DGV122F2,,"Junior Girl High Collar Printed Pajama Set, 8 Years",EGP 370.61,0%,370.61,2,,2,0,0,03-ГЫУШУ-2025,14-ГЫУШУ-2025,Delivery,03-ГЫУШУ-2025,AC - Accepted: In stock,,399U9,SPX5,,Unconfirmed,02-ГЫУШУ-2025,NO,Prepaid,Invoice,,,142,EGP,7,1,1,,0.00,No
69VED3RS,6221319273181,2224340103,B0DGV19FB4,,"Junior Girl Giraffe Print Cozy Long Sleeve Pajama Set, 3 Years",EGP 384.87,0%,384.87,1,,1,0,0,03-ГЫУШУ-2025,14-ГЫУШУ-2025,Delivery,03-ГЫУШУ-2025,AC - Accepted: In stock,,399U9,SPX5,,Unconfirmed,02-ГЫУШУ-2025,NO,Prepaid,Invoice,,,142,EGP,7,1,1,,0.00,No
69VED3RS,6221319293523,2224342408,B0DGV1CWJM,,"Junior Girls 2 pcs Hooded Printed Set, 8 Years",EGP 399.12,0%,399.12,2,,2,0,0,03-ГЫУШУ-2025,14-ГЫУШУ-2025,Delivery,03-ГЫУШУ-2025,AC - Accepted: In stock,,399U9,SPX5,,Unconfirmed,02-ГЫУШУ-2025,NO,Prepaid,Invoice,,,142,EGP,7,1,1,,0.00,No
69VED3RS,6221319273983,2224340404,B0DGV1KVWX,,"Junior Girl Long Sleeve Pajama Set, 4 Years",EGP 370.61,0%,370.61,1,,1,0,0,03-ГЫУШУ-2025,14-ГЫУШУ-2025,Delivery,03-ГЫУШУ-2025,AC - Accepted: In stock,,399U9,SPX5,,Unconfirmed,02-ГЫУШУ-2025,NO,Prepaid,Invoice,,,142,EGP,7,1,1,,0.00,No
69VED3RS,6221319272986,2224340004,B0DGV1TB41,,"Junior Girl Giraffe Print Cozy Long Sleeve Pajama Set, 4 Years",EGP 356.36,0%,356.36,2,,2,0,0,03-ГЫУШУ-2025,14-ГЫУШУ-2025,Delivery,03-ГЫУШУ-2025,AC - Accepted: In stock,,399U9,SPX5,,Unconfirmed,02-ГЫУШУ-2025,NO,Prepaid,Invoice,,,142,EGP,7,1,1,,0.00,No
69VED3RS,6221319276786,2224341505,B0DGV1VJ49,,"Junior Girls 2pcs Pajama Set, Printed Hooded Long Sleeve Sweatshirt and Pants, Everyday loungwear, 5 Years",EGP 399.12,0%,399.12,2,,2,0,0,03-ГЫУШУ-2025,14-ГЫУШУ-2025,Delivery,03-ГЫУШУ-2025,AC - Accepted: In stock,,399U9,SPX5,,Unconfirmed,02-ГЫУШУ-2025,NO,Prepaid,Invoice,,,142,EGP,7,1,1,,0.00,No
69VED3RS,6221319273136,2224340008,B0DGV1ZHNJ,,"Junior Girl Giraffe Print Cozy Long Sleeve Pajama Set, 8 Years",EGP 356.36,0%,356.36,2,,2,0,0,03-ГЫУШУ-2025,14-ГЫУШУ-2025,Delivery,03-ГЫУШУ-2025,AC - Accepted: In stock,,399U9,SPX5,,Unconfirmed,02-ГЫУШУ-2025,NO,Prepaid,Invoice,,,142,EGP,7,1,1,,0.00,No
69VED3RS,6221319293516,2224342406,B0DGV22SN4,,"Junior Girls 2 pcs Hooded Printed Set, 6 Years",EGP 399.12,0%,399.12,4,,4,0,0,03-ГЫУШУ-2025,14-ГЫУШУ-2025,Delivery,03-ГЫУШУ-2025,AC - Accepted: In stock,,399U9,SPX5,,Unconfirmed,02-ГЫУШУ-2025,NO,Prepaid,Invoice,,,142,EGP,7,1,1,,0.00,No
69VED3RS,6221319272931,2224340003,B0DGV2759J,,"Junior Girl Giraffe Print Cozy Long Sleeve Pajama Set, 3 Years",EGP 356.36,0%,356.36,2,,2,0,0,03-ГЫУШУ-2025,14-ГЫУШУ-2025,Delivery,03-ГЫУШУ-2025,AC - Accepted: In stock,,399U9,SPX5,,Unconfirmed,02-ГЫУШУ-2025,NO,Prepaid,Invoice,,,142,EGP,7,1,1,,0.00,No
69VED3RS,6221319273082,2224340006,B0DGV2B231,,"Junior Girl Giraffe Print Cozy Long Sleeve Pajama Set, 6 Years",EGP 356.36,0%,356.36,1,,1,0,0,03-ГЫУШУ-2025,14-ГЫУШУ-2025,Delivery,03-ГЫУШУ-2025,AC - Accepted: In stock,,399U9,SPX5,,Unconfirmed,02-ГЫУШУ-2025,NO,Prepaid,Invoice,,,142,EGP,7,1,1,,0.00,No
69VED3RS,6221319276632,2224341408,B0DGV2FD93,,"Junior Young Girl Printed Sweatshirt and Pants Pajama Set, 8 Years",EGP 370.61,0%,370.61,2,,2,0,0,03-ГЫУШУ-2025,14-ГЫУШУ-2025,Delivery,03-ГЫУШУ-2025,AC - Accepted: In stock,,399U9,SPX5,,Unconfirmed,02-ГЫУШУ-2025,NO,Prepaid,Invoice,,,142,EGP,7,1,1,,0.00,No
69VED3RS,6221319276588,2224341406,B0DGV2JJ69,,"Junior Young Girl Printed Sweatshirt and Pants Pajama Set, 6 Years",EGP 370.61,0%,370.61,2,,2,0,0,03-ГЫУШУ-2025,14-ГЫУШУ-2025,Delivery,03-ГЫУШУ-2025,AC - Accepted: In stock,,399U9,SPX5,,Unconfirmed,02-ГЫУШУ-2025,NO,Prepaid,Invoice,,,142,EGP,7,1,1,,0.00,No
69VED3RS,6221319273730,2224340304,B0DGV2LLC2,,"Junior Girl Long Sleeve Pajama Set, 4 Years",EGP 356.36,0%,356.36,2,,2,0,0,03-ГЫУШУ-2025,14-ГЫУШУ-2025,Delivery,03-ГЫУШУ-2025,AC - Accepted: In stock,,399U9,SPX5,,Unconfirmed,02-ГЫУШУ-2025,NO,Prepaid,Invoice,,,142,EGP,7,1,1,,0.00,No
69VED3RS,6221319276830,2224341506,B0DGV3SLXS,,"Junior Girls 2pcs Pajama Set, Printed Hooded Long Sleeve Sweatshirt and Pants, Everyday loungwear, 6 Years",EGP 399.12,0%,399.12,2,,2,0,0,03-ГЫУШУ-2025,14-ГЫУШУ-2025,Delivery,03-ГЫУШУ-2025,AC - Accepted: In stock,,399U9,SPX5,,Unconfirmed,02-ГЫУШУ-2025,NO,Prepaid,Invoice,,,142,EGP,7,1,1,,0.00,No
69VED3RS,6221319293653,2224342705,B0DGV46GD7,,"Junior Girls 2pcs Hooded Printed Set, 5 Years",EGP 427.63,0%,427.63,2,,2,0,0,03-ГЫУШУ-2025,14-ГЫУШУ-2025,Delivery,03-ГЫУШУ-2025,AC - Accepted: In stock,,399U9,SPX5,,Unconfirmed,02-ГЫУШУ-2025,NO,Prepaid,Invoice,,,142,EGP,7,1,1,,0.00,No
69VED3RS,6221319271897,2224363012,B0DH4T22NQ,,"Junior Girls High Collar Set, 12 Years",EGP 570.18,0%,570.18,1,,1,0,0,03-ГЫУШУ-2025,14-ГЫУШУ-2025,Delivery,03-ГЫУШУ-2025,AC - Accepted: In stock,,399U9,SPX5,,Unconfirmed,02-ГЫУШУ-2025,NO,Prepaid,Invoice,,,142,EGP,7,1,1,,0.00,No
69VED3RS,6221319280158,2224361414,B0DH4TL1P7,,"Junior Girls Printed Hooded Set, 14 Years",EGP 513.16,0%,513.16,1,,1,0,0,03-ГЫУШУ-2025,14-ГЫУШУ-2025,Delivery,03-ГЫУШУ-2025,AC - Accepted: In stock,,399U9,SPX5,,Unconfirmed,02-ГЫУШУ-2025,NO,Prepaid,Invoice,,,142,EGP,7,1,1,,0.00,No
69VED3RS,6221319278285,2224360514,B0DH4TQCKV,,"Junior Girls Hooded Set, 14 Years",EGP 513.16,0%,513.16,2,,2,0,0,03-ГЫУШУ-2025,14-ГЫУШУ-2025,Delivery,03-ГЫУШУ-2025,AC - Accepted: In stock,,399U9,SPX5,,Unconfirmed,02-ГЫУШУ-2025,NO,Prepaid,Invoice,,,142,EGP,7,1,1,,0.00,No
69VED3RS,6221319279992,2224361316,B0DH4TSMM3,,"Junior Girls High Collar Printed Set, 16 Years",EGP 498.90,0%,498.9,1,,1,0,0,03-ГЫУШУ-2025,14-ГЫУШУ-2025,Delivery,03-ГЫУШУ-2025,AC - Accepted: In stock,,399U9,SPX5,,Unconfirmed,02-ГЫУШУ-2025,NO,Prepaid,Invoice,,,142,EGP,7,1,1,,0.00,No
69VED3RS,6221319270975,2224362516,B0DH4TY8HV,,"Junior Girls Rounded Printed Set, 16 Years",EGP 484.65,0%,484.65,2,,2,0,0,03-ГЫУШУ-2025,14-ГЫУШУ-2025,Delivery,03-ГЫУШУ-2025,AC - Accepted: In stock,,399U9,SPX5,,Unconfirmed,02-ГЫУШУ-2025,NO,Prepaid,Invoice,,,142,EGP,7,1,1,,0.00,No
69VED3RS,6221319283654,2224363118,B0DH4TYKNP,,"Junior Girls Rounded Printed Set, 18 Years",EGP 484.65,0%,484.65,1,,1,0,0,03-ГЫУШУ-2025,14-ГЫУШУ-2025,Delivery,03-ГЫУШУ-2025,AC - Accepted: In stock,,399U9,SPX5,,Unconfirmed,02-ГЫУШУ-2025,NO,Prepaid,Invoice,,,142,EGP,7,1,1,,0.00,No
69VED3RS,6221319271774,2224362916,B0DH4V5XSB,,"Junior Girls Printed Hooded Set, 16 Years",EGP 513.16,0%,513.16,2,,2,0,0,03-ГЫУШУ-2025,14-ГЫУШУ-2025,Delivery,03-ГЫУШУ-2025,AC - Accepted: In stock,,399U9,SPX5,,Unconfirmed,02-ГЫУШУ-2025,NO,Prepaid,Invoice,,,142,EGP,7,1,1,,0.00,No
69VED3RS,6221319271453,2224362810,B0DH4V7YP4,,"Junior Girls High Collar Printed Set, 10 Years",EGP 498.90,0%,498.9,1,,1,0,0,03-ГЫУШУ-2025,14-ГЫУШУ-2025,Delivery,03-ГЫУШУ-2025,AC - Accepted: In stock,,399U9,SPX5,,Unconfirmed,02-ГЫУШУ-2025,NO,Prepaid,Invoice,,,142,EGP,7,1,1,,0.00,No
69VED3RS,6221319277080,2224360016,B0DH4VD56H,,"Junior Girls Rounded Collar Printed Set, 16 Years",EGP 498.90,0%,498.9,2,,2,0,0,03-ГЫУШУ-2025,14-ГЫУШУ-2025,Delivery,03-ГЫУШУ-2025,AC - Accepted: In stock,,399U9,SPX5,,Unconfirmed,02-ГЫУШУ-2025,NO,Prepaid,Invoice,,,142,EGP,7,1,1,,0.00,No
69VED3RS,6221319278759,2224360714,B0DH4VFHV3,,"Junior Girls High Collar Set, 14 Years",EGP 498.90,0%,498.9,2,,2,0,0,03-ГЫУШУ-2025,14-ГЫУШУ-2025,Delivery,03-ГЫУШУ-2025,AC - Accepted: In stock,,399U9,SPX5,,Unconfirmed,02-ГЫУШУ-2025,NO,Prepaid,Invoice,,,142,EGP,7,1,1,,0.00,No
69VED3RS,6221319283777,2224363412,B0DH4VFYRP,,"Junior Girls Printed Hooded Set, 12 Years",EGP 513.16,0%,513.16,1,,1,0,0,03-ГЫУШУ-2025,14-ГЫУШУ-2025,Delivery,03-ГЫУШУ-2025,AC - Accepted: In stock,,399U9,SPX5,,Unconfirmed,02-ГЫУШУ-2025,NO,Prepaid,Invoice,,,142,EGP,7,1,1,,0.00,No
69VED3RS,6221319277035,2224360014,B0DH4VGDGT,,"Junior Girls Rounded Collar Printed Set, 14 Years",EGP 498.90,0%,498.9,1,,1,0,0,03-ГЫУШУ-2025,14-ГЫУШУ-2025,Delivery,03-ГЫУШУ-2025,AC - Accepted: In stock,,399U9,SPX5,,Unconfirmed,02-ГЫУШУ-2025,NO,Prepaid,Invoice,,,142,EGP,7,1,1,,0.00,No
69VED3RS,6221319283784,2224363414,B0DH4VGLHZ,,"Junior Girls Printed Hooded Set, 14 Years",EGP 513.16,0%,513.16,2,,2,0,0,03-ГЫУШУ-2025,14-ГЫУШУ-2025,Delivery,03-ГЫУШУ-2025,AC - Accepted: In stock,,399U9,SPX5,,Unconfirmed,02-ГЫУШУ-2025,NO,Prepaid,Invoice,,,142,EGP,7,1,1,,0.00,No
69VED3RS,6221319277738,2224360312,B0DH4VGZTV,,"Junior Girls High Collar Set, 12 Years",EGP 498.90,0%,498.9,1,,1,0,0,03-ГЫУШУ-2025,14-ГЫУШУ-2025,Delivery,03-ГЫУШУ-2025,AC - Accepted: In stock,,399U9,SPX5,,Unconfirmed,02-ГЫУШУ-2025,NO,Prepaid,Invoice,,,142,EGP,7,1,1,,0.00,No
69VED3RS,6221319283852,2224363518,B0DH4VJP45,,"Junior Girls High Collar Set, 18 Years",EGP 527.41,0%,527.41,2,,2,0,0,03-ГЫУШУ-2025,14-ГЫУШУ-2025,Delivery,03-ГЫУШУ-2025,AC - Accepted: In stock,,399U9,SPX5,,Unconfirmed,02-ГЫУШУ-2025,NO,Prepaid,Invoice,,,142,EGP,7,1,1,,0.00,No
69VED3RS,6221319279794,2224361216,B0DH4VK6KW,,"Junior Girls Rounded Set, 16 Years",EGP 484.65,0%,484.65,1,,1,0,0,03-ГЫУШУ-2025,14-ГЫУШУ-2025,Delivery,03-ГЫУШУ-2025,AC - Accepted: In stock,,399U9,SPX5,,Unconfirmed,02-ГЫУШУ-2025,NO,Prepaid,Invoice,,,142,EGP,7,1,1,,0.00,No
69VED3RS,6221319283678,2224363212,B0DH4VMD2D,,"Junior Girls Rounded Printed Set, 12 Years",EGP 484.65,0%,484.65,1,,1,0,0,03-ГЫУШУ-2025,14-ГЫУШУ-2025,Delivery,03-ГЫУШУ-2025,AC - Accepted: In stock,,399U9,SPX5,,Unconfirmed,02-ГЫУШУ-2025,NO,Prepaid,Invoice,,,142,EGP,7,1,1,,0.00,No
69VED3RS,6221319283753,2224363318,B0DH4VMQSX,,"Junior Girls Hooded Set, 18 Years",EGP 541.67,0%,541.67,2,,2,0,0,03-ГЫУШУ-2025,14-ГЫУШУ-2025,Delivery,03-ГЫУШУ-2025,AC - Accepted: In stock,,399U9,SPX5,,Unconfirmed,02-ГЫУШУ-2025,NO,Prepaid,Invoice,,,142,EGP,7,1,1,,0.00,No
69VED3RS,6221319279077,2224360910,B0DH4VMZ8K,,"Junior Girls Rounded Printed Set, 10 Years",EGP 484.65,0%,484.65,1,,1,0,0,03-ГЫУШУ-2025,14-ГЫУШУ-2025,Delivery,03-ГЫУШУ-2025,AC - Accepted: In stock,,399U9,SPX5,,Unconfirmed,02-ГЫУШУ-2025,NO,Prepaid,Invoice,,,142,EGP,7,1,1,,0.00,No
69VED3RS,6221319285306,2224363918,B0DH4VNG21,,"Junior Girls Hooded Night Shirt, 18 Years",EGP 453.29,0%,453.29,1,,1,0,0,03-ГЫУШУ-2025,14-ГЫУШУ-2025,Delivery,03-ГЫУШУ-2025,AC - Accepted: In stock,,399U9,SPX5,,Unconfirmed,02-ГЫУШУ-2025,NO,Prepaid,Invoice,,,142,EGP,7,1,1,,0.00,No
69VED3RS,6221319285252,2224363816,B0DH4VSCJ9,,"Junior Girls High Collar Printed Set, 16 Years",EGP 498.90,0%,498.9,2,,2,0,0,03-ГЫУШУ-2025,14-ГЫУШУ-2025,Delivery,03-ГЫУШУ-2025,AC - Accepted: In stock,,399U9,SPX5,,Unconfirmed,02-ГЫУШУ-2025,NO,Prepaid,Invoice,,,142,EGP,7,1,1,,0.00,No
69VED3RS,6221319283630,2224363114,B0DH4VSNSR,,"Junior Girls Rounded Printed Set, 14 Years",EGP 484.65,0%,484.65,1,,1,0,0,03-ГЫУШУ-2025,14-ГЫУШУ-2025,Delivery,03-ГЫУШУ-2025,AC - Accepted: In stock,,399U9,SPX5,,Unconfirmed,02-ГЫУШУ-2025,NO,Prepaid,Invoice,,,142,EGP,7,1,1,,0.00,No
69VED3RS,6221319278032,2224360414,B0DH4VV66T,,"Junior Girls High Collar Printed Set, 14 Years",EGP 498.90,0%,498.9,2,,2,0,0,03-ГЫУШУ-2025,14-ГЫУШУ-2025,Delivery,03-ГЫУШУ-2025,AC - Accepted: In stock,,399U9,SPX5,,Unconfirmed,02-ГЫУШУ-2025,NO,Prepaid,Invoice,,,142,EGP,7,1,1,,0.00,No
69VED3RS,6221319277585,2224360216,B0DH4VVMJ1,,"Junior Girls High Collar Printed Set, 16 Years",EGP 570.18,0%,570.18,1,,1,0,0,03-ГЫУШУ-2025,14-ГЫУШУ-2025,Delivery,03-ГЫУШУ-2025,AC - Accepted: In stock,,399U9,SPX5,,Unconfirmed,02-ГЫУШУ-2025,NO,Prepaid,Invoice,,,142,EGP,7,1,1,,0.00,No
69VED3RS,6221319278339,2224360516,B0DH4VWZZY,,"Junior Girls Hooded Set, 16 Years",EGP 513.16,0%,513.16,1,,1,0,0,03-ГЫУШУ-2025,14-ГЫУШУ-2025,Delivery,03-ГЫУШУ-2025,AC - Accepted: In stock,,399U9,SPX5,,Unconfirmed,02-ГЫУШУ-2025,NO,Prepaid,Invoice,,,142,EGP,7,1,1,,0.00,No
69VED3RS,6221319277486,2224360212,B0DH4VZSVN,,"Junior Girls High Collar Printed Set, 12 Years",EGP 570.18,0%,570.18,2,,2,0,0,03-ГЫУШУ-2025,14-ГЫУШУ-2025,Delivery,03-ГЫУШУ-2025,AC - Accepted: In stock,,399U9,SPX5,,Unconfirmed,02-ГЫУШУ-2025,NO,Prepaid,Invoice,,,142,EGP,7,1,1,,0.00,No
69VED3RS,6221319279473,2224361110,B0DH4W74G3,,"Junior Girls Printed Hooded Set, 10 Years",EGP 555.92,0%,555.92,1,,1,0,0,03-ГЫУШУ-2025,14-ГЫУШУ-2025,Delivery,03-ГЫУШУ-2025,AC - Accepted: In stock,,399U9,SPX5,,Unconfirmed,02-ГЫУШУ-2025,NO,Prepaid,Invoice,,,142,EGP,7,1,1,,0.00,No
69VED3RS,6221319277134,2224360018,B0DH4WFC8Z,,"Junior Girls Rounded Collar Printed Set, 18 Years",EGP 498.90,0%,498.9,1,,1,0,0,03-ГЫУШУ-2025,14-ГЫУШУ-2025,Delivery,03-ГЫУШУ-2025,AC - Accepted: In stock,,399U9,SPX5,,Unconfirmed,02-ГЫУШУ-2025,NO,Prepaid,Invoice,,,142,EGP,7,1,1,,0.00,No
69VED3RS,6221319277837,2224360316,B0DH4WGMKQ,,"Junior Girls High Collar Set, 16 Years",EGP 498.90,0%,498.9,1,,1,0,0,03-ГЫУШУ-2025,14-ГЫУШУ-2025,Delivery,03-ГЫУШУ-2025,AC - Accepted: In stock,,399U9,SPX5,,Unconfirmed,02-ГЫУШУ-2025,NO,Prepaid,Invoice,,,142,EGP,7,1,1,,0.00,No
69VED3RS,6221319271095,2224362612,B0DH4WGRK4,,"Junior Girls High Collar Printed Set, 12 Years",EGP 498.90,0%,498.9,1,,1,0,0,03-ГЫУШУ-2025,14-ГЫУШУ-2025,Delivery,03-ГЫУШУ-2025,AC - Accepted: In stock,,399U9,SPX5,,Unconfirmed,02-ГЫУШУ-2025,NO,Prepaid,Invoice,,,142,EGP,7,1,1,,0.00,No
69VED3RS,6221319283685,2224363214,B0DH4WHPD9,,"Junior Girls Rounded Printed Set, 14 Years",EGP 484.65,0%,484.65,1,,1,0,0,03-ГЫУШУ-2025,14-ГЫУШУ-2025,Delivery,03-ГЫУШУ-2025,AC - Accepted: In stock,,399U9,SPX5,,Unconfirmed,02-ГЫУШУ-2025,NO,Prepaid,Invoice,,,142,EGP,7,1,1,,0.00,No
69VED3RS,6221319277936,2224360410,B0DH4WJQNN,,"Junior Girls High Collar Printed Set, 10 Years",EGP 498.90,0%,498.9,1,,1,0,0,03-ГЫУШУ-2025,14-ГЫУШУ-2025,Delivery,03-ГЫУШУ-2025,AC - Accepted: In stock,,399U9,SPX5,,Unconfirmed,02-ГЫУШУ-2025,NO,Prepaid,Invoice,,,142,EGP,7,1,1,,0.00,No
69VED3RS,6221319277387,2224360118,B0DH4WK5YT,,"Junior Girls Rounded Printed Set, 18 Years",EGP 527.41,0%,527.41,1,,1,0,0,03-ГЫУШУ-2025,14-ГЫУШУ-2025,Delivery,03-ГЫУШУ-2025,AC - Accepted: In stock,,399U9,SPX5,,Unconfirmed,02-ГЫУШУ-2025,NO,Prepaid,Invoice,,,142,EGP,7,1,1,,0.00,No
69VED3RS,6221319280233,2224361418,B0DH4WPPZF,,"Junior Girls Printed Hooded Set, 18 Years",EGP 513.16,0%,513.16,2,,2,0,0,03-ГЫУШУ-2025,14-ГЫУШУ-2025,Delivery,03-ГЫУШУ-2025,AC - Accepted: In stock,,399U9,SPX5,,Unconfirmed,02-ГЫУШУ-2025,NO,Prepaid,Invoice,,,142,EGP,7,1,1,,0.00,No
69VED3RS,6221319285184,2224363712,B0DH4WPWTN,,"Junior Girls Rounded Printed Set, 12 Years",EGP 484.65,0%,484.65,1,,1,0,0,03-ГЫУШУ-2025,14-ГЫУШУ-2025,Delivery,03-ГЫУШУ-2025,AC - Accepted: In stock,,399U9,SPX5,,Unconfirmed,02-ГЫУШУ-2025,NO,Prepaid,Invoice,,,142,EGP,7,1,1,,0.00,No
69VED3RS,6221319270890,2224362512,B0DH4WQX3C,,"Junior Girls Rounded Printed Set, 12 Years",EGP 484.65,0%,484.65,1,,1,0,0,03-ГЫУШУ-2025,14-ГЫУШУ-2025,Delivery,03-ГЫУШУ-2025,AC - Accepted: In stock,,399U9,SPX5,,Unconfirmed,02-ГЫУШУ-2025,NO,Prepaid,Invoice,,,142,EGP,7,1,1,,0.00,No
69VED3RS,6221319285214,2224363718,B0DH4WT7DG,,"Junior Girls Rounded Printed Set, 18 Years",EGP 484.65,0%,484.65,1,,1,0,0,03-ГЫУШУ-2025,14-ГЫУШУ-2025,Delivery,03-ГЫУШУ-2025,AC - Accepted: In stock,,399U9,SPX5,,Unconfirmed,02-ГЫУШУ-2025,NO,Prepaid,Invoice,,,142,EGP,7,1,1,,0.00,No
69VED3RS,6221319277332,2224360116,B0DH4WZ94C,,"Junior Girls Rounded Printed Set, 16 Years",EGP 527.41,0%,527.41,2,,2,0,0,03-ГЫУШУ-2025,14-ГЫУШУ-2025,Delivery,03-ГЫУШУ-2025,AC - Accepted: In stock,,399U9,SPX5,,Unconfirmed,02-ГЫУШУ-2025,NO,Prepaid,Invoice,,,142,EGP,7,1,1,,0.00,No
69VED3RS,6221319278995,2224360816,B0DH4X3DT6,,"Junior Girls Printed Hooded Set, 16 Years",EGP 513.16,0%,513.16,1,,1,0,0,03-ГЫУШУ-2025,14-ГЫУШУ-2025,Delivery,03-ГЫУШУ-2025,AC - Accepted: In stock,,399U9,SPX5,,Unconfirmed,02-ГЫУШУ-2025,NO,Prepaid,Invoice,,,142,EGP,7,1,1,,0.00,No
69VED3RS,6221319279633,2224361118,B0DH4X5RBC,,"Junior Girls Printed Hooded Set, 18 Years",EGP 555.92,0%,555.92,2,,2,0,0,03-ГЫУШУ-2025,14-ГЫУШУ-2025,Delivery,03-ГЫУШУ-2025,AC - Accepted: In stock,,399U9,SPX5,,Unconfirmed,02-ГЫУШУ-2025,NO,Prepaid,Invoice,,,142,EGP,7,1,1,,0.00,No
69VED3RS,6221319279756,2224361214,B0DH4X6KXJ,,"Junior Girls Rounded Set, 14 Years",EGP 484.65,0%,484.65,1,,1,0,0,03-ГЫУШУ-2025,14-ГЫУШУ-2025,Delivery,03-ГЫУШУ-2025,AC - Accepted: In stock,,399U9,SPX5,,Unconfirmed,02-ГЫУШУ-2025,NO,Prepaid,Invoice,,,142,EGP,7,1,1,,0.00,No
69VED3RS,6221319278957,2224360814,B0DH4XBJGF,,"Junior Girls Printed Hooded Set, 14 Years",EGP 513.16,0%,513.16,1,,1,0,0,03-ГЫУШУ-2025,14-ГЫУШУ-2025,Delivery,03-ГЫУШУ-2025,AC - Accepted: In stock,,399U9,SPX5,,Unconfirmed,02-ГЫУШУ-2025,NO,Prepaid,Invoice,,,142,EGP,7,1,1,,0.00,No
69VED3RS,6221319283708,2224363218,B0DH4XDJD2,,"Junior Girls Rounded Printed Set, 18 Years",EGP 484.65,0%,484.65,1,,1,0,0,03-ГЫУШУ-2025,14-ГЫУШУ-2025,Delivery,03-ГЫУШУ-2025,AC - Accepted: In stock,,399U9,SPX5,,Unconfirmed,02-ГЫУШУ-2025,NO,Prepaid,Invoice,,,142,EGP,7,1,1,,0.00,No
69VED3RS,6221319283692,2224363216,B0DH4XMWGQ,,"Junior Girls Rounded Printed Set, 16 Years",EGP 484.65,0%,484.65,2,,2,0,0,03-ГЫУШУ-2025,14-ГЫУШУ-2025,Delivery,03-ГЫУШУ-2025,AC - Accepted: In stock,,399U9,SPX5,,Unconfirmed,02-ГЫУШУ-2025,NO,Prepaid,Invoice,,,142,EGP,7,1,1,,0.00,No
69VED3RS,6221319279954,2224361314,B0DH4XQGH9,,"Junior Girls High Collar Printed Set, 14 Years",EGP 498.90,0%,498.9,2,,2,0,0,03-ГЫУШУ-2025,14-ГЫУШУ-2025,Delivery,03-ГЫУШУ-2025,AC - Accepted: In stock,,399U9,SPX5,,Unconfirmed,02-ГЫУШУ-2025,NO,Prepaid,Invoice,,,142,EGP,7,1,1,,0.00,No
69VED3RS,6221319271613,2224362818,B0DH4XW2Z6,,"Junior Girls High Collar Printed Set, 18 Years",EGP 498.90,0%,498.9,2,,2,0,0,03-ГЫУШУ-2025,14-ГЫУШУ-2025,Delivery,03-ГЫУШУ-2025,AC - Accepted: In stock,,399U9,SPX5,,Unconfirmed,02-ГЫУШУ-2025,NO,Prepaid,Invoice,,,142,EGP,7,1,1,,0.00,No
69VED3RS,6221319283821,2224363512,B0DH4Y2KDX,,"Junior Girls High Collar Set, 12 Years",EGP 527.41,0%,527.41,1,,1,0,0,03-ГЫУШУ-2025,14-ГЫУШУ-2025,Delivery,03-ГЫУШУ-2025,AC - Accepted: In stock,,399U9,SPX5,,Unconfirmed,02-ГЫУШУ-2025,NO,Prepaid,Invoice,,,142,EGP,7,1,1,,0.00,No
69VED3RS,6221319269009,2224301006,B0DH4Y9S47,,"Junior Kids Boy High Collar Printed Set, 6 Years",EGP 384.87,0%,384.87,2,,2,0,0,03-ГЫУШУ-2025,14-ГЫУШУ-2025,Delivery,03-ГЫУШУ-2025,AC - Accepted: In stock,,399U9,SPX5,,Unconfirmed,02-ГЫУШУ-2025,NO,Prepaid,Invoice,,,142,EGP,7,1,1,,0.00,No
69VED3RS,6221319271170,2224362616,B0DH4YGNP5,,"Junior Girls High Collar Printed Set, 16 Years",EGP 498.90,0%,498.9,2,,2,0,0,03-ГЫУШУ-2025,14-ГЫУШУ-2025,Delivery,03-ГЫУШУ-2025,AC - Accepted: In stock,,399U9,SPX5,,Unconfirmed,02-ГЫУШУ-2025,NO,Prepaid,Invoice,,,142,EGP,7,1,1,,0.00,No
69VED3RS,6221319272016,2224363018,B0DH4YPKTN,,"Junior Girls High Collar Set, 18 Years",EGP 570.18,0%,570.18,1,,1,0,0,03-ГЫУШУ-2025,14-ГЫУШУ-2025,Delivery,03-ГЫУШУ-2025,AC - Accepted: In stock,,399U9,SPX5,,Unconfirmed,02-ГЫУШУ-2025,NO,Prepaid,Invoice,,,142,EGP,7,1,1,,0.00,No
69VED3RS,6221319269320,2224301204,B0DH4YXHQ4,,"Junior Kids Boy High Collar Printed Set, 4 Years",EGP 356.36,0%,356.36,1,,1,0,0,03-ГЫУШУ-2025,14-ГЫУШУ-2025,Delivery,03-ГЫУШУ-2025,AC - Accepted: In stock,,399U9,SPX5,,Unconfirmed,02-ГЫУШУ-2025,NO,Prepaid,Invoice,,,142,EGP,7,1,1,,0.00,No
69VED3RS,6221319278322,2224300005,B0DH4YY5S7,,"Junior Kids Boy Printed Pajama Set, 5 Years",EGP 356.36,0%,356.36,1,,1,0,0,03-ГЫУШУ-2025,14-ГЫУШУ-2025,Delivery,03-ГЫУШУ-2025,AC - Accepted: In stock,,399U9,SPX5,,Unconfirmed,02-ГЫУШУ-2025,NO,Prepaid,Invoice,,,142,EGP,7,1,1,,0.00,No
69VED3RS,6221319278186,2224360510,B0DH4Z55PC,,"Junior Girls Hooded Set, 10 Years",EGP 513.16,0%,513.16,1,,1,0,0,03-ГЫУШУ-2025,14-ГЫУШУ-2025,Delivery,03-ГЫУШУ-2025,AC - Accepted: In stock,,399U9,SPX5,,Unconfirmed,02-ГЫУШУ-2025,NO,Prepaid,Invoice,,,142,EGP,7,1,1,,0.00,No
69VED3RS,6221319270562,2224301805,B0DH4ZSY9Z,,"Junior Kids Boy High Collar Set, 5 Years",EGP 384.87,0%,384.87,1,,1,0,0,03-ГЫУШУ-2025,14-ГЫУШУ-2025,Delivery,03-ГЫУШУ-2025,AC - Accepted: In stock,,399U9,SPX5,,Unconfirmed,02-ГЫУШУ-2025,NO,Prepaid,Invoice,,,142,EGP,7,1,1,,0.00,No
69VED3RS,6221319269924,2224301504,B0DH4ZWHMQ,,"Junior Kids Boy Round Set, 4 Years",EGP 356.36,0%,356.36,2,,2,0,0,03-ГЫУШУ-2025,14-ГЫУШУ-2025,Delivery,03-ГЫУШУ-2025,AC - Accepted: In stock,,399U9,SPX5,,Unconfirmed,02-ГЫУШУ-2025,NO,Prepaid,Invoice,,,142,EGP,7,1,1,,0.00,No
69VED3RS,6221319292960,2224302406,B0DH515BQS,,"Junior Kids Boy Round Set, 6 Years",EGP 356.36,0%,356.36,2,,2,0,0,03-ГЫУШУ-2025,14-ГЫУШУ-2025,Delivery,03-ГЫУШУ-2025,AC - Accepted: In stock,,399U9,SPX5,,Unconfirmed,02-ГЫУШУ-2025,NO,Prepaid,Invoice,,,142,EGP,7,1,1,,0.00,No
69VED3RS,6221319270166,2224301605,B0DH51KF97,,"Junior Kids Boy Round Set, 5 Years",EGP 356.36,0%,356.36,1,,1,0,0,03-ГЫУШУ-2025,14-ГЫУШУ-2025,Delivery,03-ГЫУШУ-2025,AC - Accepted: In stock,,399U9,SPX5,,Unconfirmed,02-ГЫУШУ-2025,NO,Prepaid,Invoice,,,142,EGP,7,1,1,,0.00,No
69VED3RS,6221319269764,2224301405,B0DH51P3DS,,"Junior Kids Boy Printed Pajama Set, 5 Years",EGP 413.38,0%,413.38,2,,2,0,0,03-ГЫУШУ-2025,14-ГЫУШУ-2025,Delivery,03-ГЫУШУ-2025,AC - Accepted: In stock,,399U9,SPX5,,Unconfirmed,02-ГЫУШУ-2025,NO,Prepaid,Invoice,,,142,EGP,7,1,1,,0.00,No
69VED3RS,6221319271361,2224302205,B0DH51WQKW,,"Junior Kids Boy Hooded Set, 5 Years",EGP 399.12,0%,399.12,1,,1,0,0,03-ГЫУШУ-2025,14-ГЫУШУ-2025,Delivery,03-ГЫУШУ-2025,AC - Accepted: In stock,,399U9,SPX5,,Unconfirmed,02-ГЫУШУ-2025,NO,Prepaid,Invoice,,,142,EGP,7,1,1,,0.00,No
69VED3RS,6221319270722,2224301904,B0DH5229RV,,"Junior Kids Boy Round Set, 4 Years",EGP 356.36,0%,356.36,1,,1,0,0,03-ГЫУШУ-2025,14-ГЫУШУ-2025,Delivery,03-ГЫУШУ-2025,AC - Accepted: In stock,,399U9,SPX5,,Unconfirmed,02-ГЫУШУ-2025,NO,Prepaid,Invoice,,,142,EGP,7,1,1,,0.00,No
69VED3RS,6221319269962,2224301505,B0DH52B755,,"Junior Kids Boy Round Set, 5 Years",EGP 356.36,0%,356.36,1,,1,0,0,03-ГЫУШУ-2025,14-ГЫУШУ-2025,Delivery,03-ГЫУШУ-2025,AC - Accepted: In stock,,399U9,SPX5,,Unconfirmed,02-ГЫУШУ-2025,NO,Prepaid,Invoice,,,142,EGP,7,1,1,,0.00,No
69VED3RS,6221319283579,2224322012,B0DH52YN8S,,"Junior Boy Rounded Set, 12 Years",EGP 527.41,0%,527.41,1,,1,0,0,03-ГЫУШУ-2025,14-ГЫУШУ-2025,Delivery,03-ГЫУШУ-2025,AC - Accepted: In stock,,399U9,SPX5,,Unconfirmed,02-ГЫУШУ-2025,NO,Prepaid,Invoice,,,142,EGP,7,1,1,,0.00,No
69VED3RS,6221319279985,2224300805,B0DH531KSZ,,"Junior Kids Boy Hooded Set, 5 Years",EGP 427.63,0%,427.63,2,,2,0,0,03-ГЫУШУ-2025,14-ГЫУШУ-2025,Delivery,03-ГЫУШУ-2025,AC - Accepted: In stock,,399U9,SPX5,,Unconfirmed,02-ГЫУШУ-2025,NO,Prepaid,Invoice,,,142,EGP,7,1,1,,0.00,No
69VED3RS,6221319270005,2224301506,B0DH5321QN,,"Junior Kids Boy Round Set, 6 Years",EGP 356.36,0%,356.36,1,,1,0,0,03-ГЫУШУ-2025,14-ГЫУШУ-2025,Delivery,03-ГЫУШУ-2025,AC - Accepted: In stock,,399U9,SPX5,,Unconfirmed,02-ГЫУШУ-2025,NO,Prepaid,Invoice,,,142,EGP,7,1,1,,0.00,No
69VED3RS,6221319280028,2224300806,B0DH532J6C,,"Junior Kids Boy Hooded Set, 6 Years",EGP 427.63,0%,427.63,2,,2,0,0,03-ГЫУШУ-2025,14-ГЫУШУ-2025,Delivery,03-ГЫУШУ-2025,AC - Accepted: In stock,,399U9,SPX5,,Unconfirmed,02-ГЫУШУ-2025,NO,Prepaid,Invoice,,,142,EGP,7,1,1,,0.00,No
69VED3RS,6221319280301,2224301003,B0DH534PJJ,,"Junior Kids Boy High Collar Printed Set, 3 Years",EGP 384.87,0%,384.87,1,,1,0,0,03-ГЫУШУ-2025,14-ГЫУШУ-2025,Delivery,03-ГЫУШУ-2025,AC - Accepted: In stock,,399U9,SPX5,,Unconfirmed,02-ГЫУШУ-2025,NO,Prepaid,Invoice,,,142,EGP,7,1,1,,0.00,No
69VED3RS,6221319272443,2224320618,B0DH535K3T,,"Junior Boy Rounded Set, 18 Years",EGP 484.65,0%,484.65,1,,1,0,0,03-ГЫУШУ-2025,14-ГЫУШУ-2025,Delivery,03-ГЫУШУ-2025,AC - Accepted: In stock,,399U9,SPX5,,Unconfirmed,02-ГЫУШУ-2025,NO,Prepaid,Invoice,,,142,EGP,7,1,1,,0.00,No
69VED3RS,6221319269849,2224301408,B0DH5372SL,,"Junior Kids Boy Printed Pajama Set, 8 Years",EGP 413.38,0%,413.38,2,,2,0,0,03-ГЫУШУ-2025,14-ГЫУШУ-2025,Delivery,03-ГЫУШУ-2025,AC - Accepted: In stock,,399U9,SPX5,,Unconfirmed,02-ГЫУШУ-2025,NO,Prepaid,Invoice,,,142,EGP,7,1,1,,0.00,No
69VED3RS,6221319271729,2224320312,B0DH53DNWJ,,"Junior Boy High Collar Set, 12 Years",EGP 527.41,0%,527.41,2,,2,0,0,03-ГЫУШУ-2025,14-ГЫУШУ-2025,Delivery,03-ГЫУШУ-2025,AC - Accepted: In stock,,399U9,SPX5,,Unconfirmed,02-ГЫУШУ-2025,NO,Prepaid,Invoice,,,142,EGP,7,1,1,,0.00,No
69VED3RS,6221319268897,2224320216,B0DH53F8BL,,"Junior Boy High Collar Set, 16 Years",EGP 541.67,0%,541.67,1,,1,0,0,03-ГЫУШУ-2025,14-ГЫУШУ-2025,Delivery,03-ГЫУШУ-2025,AC - Accepted: In stock,,399U9,SPX5,,Unconfirmed,02-ГЫУШУ-2025,NO,Prepaid,Invoice,,,142,EGP,7,1,1,,0.00,No
69VED3RS,6221319292946,2224302404,B0DH53JJVY,,"Junior Kids Boy Round Set, 4 Years",EGP 356.36,0%,356.36,3,,3,0,0,03-ГЫУШУ-2025,14-ГЫУШУ-2025,Delivery,03-ГЫУШУ-2025,AC - Accepted: In stock,,399U9,SPX5,,Unconfirmed,02-ГЫУШУ-2025,NO,Prepaid,Invoice,,,142,EGP,7,1,1,,0.00,No
69VED3RS,6221319278575,2224300105,B0DH53K51C,,"Junior Kids Boy Printed Pajama Set, 5 Years",EGP 356.36,0%,356.36,2,,2,0,0,03-ГЫУШУ-2025,14-ГЫУШУ-2025,Delivery,03-ГЫУШУ-2025,AC - Accepted: In stock,,399U9,SPX5,,Unconfirmed,02-ГЫУШУ-2025,NO,Prepaid,Invoice,,,142,EGP,7,1,1,,0.00,No
69VED3RS,6221319268927,2224301004,B0DH53LL7X,,"Junior Kids Boy High Collar Printed Set, 4 Years",EGP 384.87,0%,384.87,1,,1,0,0,03-ГЫУШУ-2025,14-ГЫУШУ-2025,Delivery,03-ГЫУШУ-2025,AC - Accepted: In stock,,399U9,SPX5,,Unconfirmed,02-ГЫУШУ-2025,NO,Prepaid,Invoice,,,142,EGP,7,1,1,,0.00,No
69VED3RS,6221319272245,2224320518,B0DH53M15D,,"Junior Boy Hooded Set, 18 Years",EGP 513.16,0%,513.16,1,,1,0,0,03-ГЫУШУ-2025,14-ГЫУШУ-2025,Delivery,03-ГЫУШУ-2025,AC - Accepted: In stock,,399U9,SPX5,,Unconfirmed,02-ГЫУШУ-2025,NO,Prepaid,Invoice,,,142,EGP,7,1,1,,0.00,No
69VED3RS,6221319272368,2224320614,B0DH53P672,,"Junior Boy Rounded Set, 14 Years",EGP 484.65,0%,484.65,2,,2,0,0,03-ГЫУШУ-2025,14-ГЫУШУ-2025,Delivery,03-ГЫУШУ-2025,AC - Accepted: In stock,,399U9,SPX5,,Unconfirmed,02-ГЫУШУ-2025,NO,Prepaid,Invoice,,,142,EGP,7,1,1,,0.00,No
69VED3RS,6221319283210,2224321310,B0DH53QWR4,,"Junior Boy High Collar Set, 10 Years",EGP 498.90,0%,498.9,1,,1,0,0,03-ГЫУШУ-2025,14-ГЫУШУ-2025,Delivery,03-ГЫУШУ-2025,AC - Accepted: In stock,,399U9,SPX5,,Unconfirmed,02-ГЫУШУ-2025,NO,Prepaid,Invoice,,,142,EGP,7,1,1,,0.00,No
69VED3RS,6221319283524,2224321912,B0DH53TTPJ,,"Junior Boy Hooded Set, 12 Years",EGP 513.16,0%,513.16,2,,2,0,0,03-ГЫУШУ-2025,14-ГЫУШУ-2025,Delivery,03-ГЫУШУ-2025,AC - Accepted: In stock,,399U9,SPX5,,Unconfirmed,02-ГЫУШУ-2025,NO,Prepaid,Invoice,,,142,EGP,7,1,1,,0.00,No
69VED3RS,6221319285153,2224322616,B0DH53WT2X,,"Junior Boy Hooded Set, 16 Years",EGP 527.41,0%,527.41,2,,2,0,0,03-ГЫУШУ-2025,14-ГЫУШУ-2025,Delivery,03-ГЫУШУ-2025,AC - Accepted: In stock,,399U9,SPX5,,Unconfirmed,02-ГЫУШУ-2025,NO,Prepaid,Invoice,,,142,EGP,7,1,1,,0.00,No
69VED3RS,6221319268880,2224320214,B0DH53Y5HZ,,"Junior Boy High Collar Set, 14 Years",EGP 541.67,0%,541.67,2,,2,0,0,03-ГЫУШУ-2025,14-ГЫУШУ-2025,Delivery,03-ГЫУШУ-2025,AC - Accepted: In stock,,399U9,SPX5,,Unconfirmed,02-ГЫУШУ-2025,NO,Prepaid,Invoice,,,142,EGP,7,1,1,,0.00,No
69VED3RS,6221319283364,2224321610,B0DH53ZM7J,,"Junior Boy Rounded Set, 10 Years",EGP 484.65,0%,484.65,1,,1,0,0,03-ГЫУШУ-2025,14-ГЫУШУ-2025,Delivery,03-ГЫУШУ-2025,AC - Accepted: In stock,,399U9,SPX5,,Unconfirmed,02-ГЫУШУ-2025,NO,Prepaid,Invoice,,,142,EGP,7,1,1,,0.00,No
69VED3RS,6221319283012,2224320910,B0DH54132T,,"Junior Boy Rounded Set, 10 Years",EGP 484.65,0%,484.65,1,,1,0,0,03-ГЫУШУ-2025,14-ГЫУШУ-2025,Delivery,03-ГЫУШУ-2025,AC - Accepted: In stock,,399U9,SPX5,,Unconfirmed,02-ГЫУШУ-2025,NO,Prepaid,Invoice,,,142,EGP,7,1,1,,0.00,No
69VED3RS,6221319283388,2224321614,B0DH544X1Q,,"Junior Boy Rounded Set, 14 Years",EGP 484.65,0%,484.65,4,,4,0,0,03-ГЫУШУ-2025,14-ГЫУШУ-2025,Delivery,03-ГЫУШУ-2025,AC - Accepted: In stock,,399U9,SPX5,,Unconfirmed,02-ГЫУШУ-2025,NO,Prepaid,Invoice,,,142,EGP,7,1,1,,0.00,No
69VED3RS,6221319271767,2224320314,B0DH549PFW,,"Junior Boy High Collar Set, 14 Years",EGP 527.41,0%,527.41,1,,1,0,0,03-ГЫУШУ-2025,14-ГЫУШУ-2025,Delivery,03-ГЫУШУ-2025,AC - Accepted: In stock,,399U9,SPX5,,Unconfirmed,02-ГЫУШУ-2025,NO,Prepaid,Invoice,,,142,EGP,7,1,1,,0.00,No
69VED3RS,6221319272320,2224320612,B0DH54B8VZ,,"Junior Boy Rounded Set, 12 Years",EGP 484.65,0%,484.65,2,,2,0,0,03-ГЫУШУ-2025,14-ГЫУШУ-2025,Delivery,03-ГЫУШУ-2025,AC - Accepted: In stock,,399U9,SPX5,,Unconfirmed,02-ГЫУШУ-2025,NO,Prepaid,Invoice,,,142,EGP,7,1,1,,0.00,No
69VED3RS,6221319283036,2224320914,B0DH54DW72,,"Junior Boy Rounded Set, 14 Years",EGP 484.65,0%,484.65,2,,2,0,0,03-ГЫУШУ-2025,14-ГЫУШУ-2025,Delivery,03-ГЫУШУ-2025,AC - Accepted: In stock,,399U9,SPX5,,Unconfirmed,02-ГЫУШУ-2025,NO,Prepaid,Invoice,,,142,EGP,7,1,1,,0.00,No
69VED3RS,6221319283357,2224321518,B0DH54FLT2,,"Junior Boy Rounded Set, 18 Years",EGP 484.65,0%,484.65,2,,2,0,0,03-ГЫУШУ-2025,14-ГЫУШУ-2025,Delivery,03-ГЫУШУ-2025,AC - Accepted: In stock,,399U9,SPX5,,Unconfirmed,02-ГЫУШУ-2025,NO,Prepaid,Invoice,,,142,EGP,7,1,1,,0.00,No
69VED3RS,6221319292953,2224302405,B0DH54GRPP,,"Junior Kids Boy Round Set, 5 Years",EGP 356.36,0%,356.36,2,,2,0,0,03-ГЫУШУ-2025,14-ГЫУШУ-2025,Delivery,03-ГЫУШУ-2025,AC - Accepted: In stock,,399U9,SPX5,,Unconfirmed,02-ГЫУШУ-2025,NO,Prepaid,Invoice,,,142,EGP,7,1,1,,0.00,No
69VED3RS,6221319270685,2224301903,B0DH54L93C,,"Junior Kids Boy Round Set, 3 Years",EGP 356.36,0%,356.36,2,,2,0,0,03-ГЫУШУ-2025,14-ГЫУШУ-2025,Delivery,03-ГЫУШУ-2025,AC - Accepted: In stock,,399U9,SPX5,,Unconfirmed,02-ГЫУШУ-2025,NO,Prepaid,Invoice,,,142,EGP,7,1,1,,0.00,No
69VED3RS,6221319292977,2224302408,B0DH54PJTQ,,"Junior Kids Boy Round Set, 8 Years",EGP 356.36,0%,356.36,2,,2,0,0,03-ГЫУШУ-2025,14-ГЫУШУ-2025,Delivery,03-ГЫУШУ-2025,AC - Accepted: In stock,,399U9,SPX5,,Unconfirmed,02-ГЫУШУ-2025,NO,Prepaid,Invoice,,,142,EGP,7,1,1,,0.00,No
69VED3RS,6221319284989,2224322312,B0DH54R9Q7,,"Junior Boy Hooded Set, 12 Years",EGP 513.16,0%,513.16,1,,1,0,0,03-ГЫУШУ-2025,14-ГЫУШУ-2025,Delivery,03-ГЫУШУ-2025,AC - Accepted: In stock,,399U9,SPX5,,Unconfirmed,02-ГЫУШУ-2025,NO,Prepaid,Invoice,,,142,EGP,7,1,1,,0.00,No
69VED3RS,6221319272566,2224320714,B0DH54VDBC,,"Junior Boy Hooded Set, 14 Years",EGP 513.16,0%,513.16,3,,3,0,0,03-ГЫУШУ-2025,14-ГЫУШУ-2025,Delivery,03-ГЫУШУ-2025,AC - Accepted: In stock,,399U9,SPX5,,Unconfirmed,02-ГЫУШУ-2025,NO,Prepaid,Invoice,,,142,EGP,7,1,1,,0.00,No
69VED3RS,6221319272047,2224320418,B0DH54ZV1W,,"Junior Boy High Collar Set, 18 Years",EGP 498.90,0%,498.9,1,,1,0,0,03-ГЫУШУ-2025,14-ГЫУШУ-2025,Delivery,03-ГЫУШУ-2025,AC - Accepted: In stock,,399U9,SPX5,,Unconfirmed,02-ГЫУШУ-2025,NO,Prepaid,Invoice,,,142,EGP,7,1,1,,0.00,No
69VED3RS,6221319283340,2224321516,B0DH551X1V,,"Junior Boy Rounded Set, 16 Years",EGP 484.65,0%,484.65,4,,4,0,0,03-ГЫУШУ-2025,14-ГЫУШУ-2025,Delivery,03-ГЫУШУ-2025,AC - Accepted: In stock,,399U9,SPX5,,Unconfirmed,02-ГЫУШУ-2025,NO,Prepaid,Invoice,,,142,EGP,7,1,1,,0.00,No
69VED3RS,6221319283050,2224320918,B0DH552F11,,"Junior Boy Rounded Set, 18 Years",EGP 484.65,0%,484.65,2,,2,0,0,03-ГЫУШУ-2025,14-ГЫУШУ-2025,Delivery,03-ГЫУШУ-2025,AC - Accepted: In stock,,399U9,SPX5,,Unconfirmed,02-ГЫУШУ-2025,NO,Prepaid,Invoice,,,142,EGP,7,1,1,,0.00,No
69VED3RS,6221319285139,2224322612,B0DH554PHT,,"Junior Boy Hooded Set, 12 Years",EGP 527.41,0%,527.41,2,,2,0,0,03-ГЫУШУ-2025,14-ГЫУШУ-2025,Delivery,03-ГЫУШУ-2025,AC - Accepted: In stock,,399U9,SPX5,,Unconfirmed,02-ГЫУШУ-2025,NO,Prepaid,Invoice,,,142,EGP,7,1,1,,0.00,No
69VED3RS,6221319283326,2224321512,B0DH554X76,,"Junior Boy Rounded Set, 12 Years",EGP 484.65,0%,484.65,2,,2,0,0,03-ГЫУШУ-2025,14-ГЫУШУ-2025,Delivery,03-ГЫУШУ-2025,AC - Accepted: In stock,,399U9,SPX5,,Unconfirmed,02-ГЫУШУ-2025,NO,Prepaid,Invoice,,,142,EGP,7,1,1,,0.00,No
69VED3RS,6221319283104,2224321018,B0DH55DWGN,,"Junior Boy Hooded Set, 18 Years",EGP 513.16,0%,513.16,2,,2,0,0,03-ГЫУШУ-2025,14-ГЫУШУ-2025,Delivery,03-ГЫУШУ-2025,AC - Accepted: In stock,,399U9,SPX5,,Unconfirmed,02-ГЫУШУ-2025,NO,Prepaid,Invoice,,,142,EGP,7,1,1,,0.00,No
69VED3RS,6221319283470,2224321812,B0DH55JKQY,,"Junior Boy Rounded Set, 12 Years",EGP 484.65,0%,484.65,2,,2,0,0,03-ГЫУШУ-2025,14-ГЫУШУ-2025,Delivery,03-ГЫУШУ-2025,AC - Accepted: In stock,,399U9,SPX5,,Unconfirmed,02-ГЫУШУ-2025,NO,Prepaid,Invoice,,,142,EGP,7,1,1,,0.00,No
69VED3RS,6221319283494,2224321816,B0DH55XNC9,,"Junior Boy Rounded Set, 16 Years",EGP 484.65,0%,484.65,2,,2,0,0,03-ГЫУШУ-2025,14-ГЫУШУ-2025,Delivery,03-ГЫУШУ-2025,AC - Accepted: In stock,,399U9,SPX5,,Unconfirmed,02-ГЫУШУ-2025,NO,Prepaid,Invoice,,,142,EGP,7,1,1,,0.00,No
69VED3RS,6221319272009,2224320416,B0DH5617DD,,"Junior Boy High Collar Set, 16 Years",EGP 498.90,0%,498.9,1,,1,0,0,03-ГЫУШУ-2025,14-ГЫУШУ-2025,Delivery,03-ГЫУШУ-2025,AC - Accepted: In stock,,399U9,SPX5,,Unconfirmed,02-ГЫУШУ-2025,NO,Prepaid,Invoice,,,142,EGP,7,1,1,,0.00,No
69VED3RS,6221319271804,2224320316,B0DH5694XL,,"Junior Boy High Collar Set, 16 Years",EGP 527.41,0%,527.41,2,,2,0,0,03-ГЫУШУ-2025,14-ГЫУШУ-2025,Delivery,03-ГЫУШУ-2025,AC - Accepted: In stock,,399U9,SPX5,,Unconfirmed,02-ГЫУШУ-2025,NO,Prepaid,Invoice,,,142,EGP,7,1,1,,0.00,No
69VED3RS,6221319283043,2224320916,B0DH56C4DZ,,"Junior Boy Rounded Set, 16 Years",EGP 484.65,0%,484.65,1,,1,0,0,03-ГЫУШУ-2025,14-ГЫУШУ-2025,Delivery,03-ГЫУШУ-2025,AC - Accepted: In stock,,399U9,SPX5,,Unconfirmed,02-ГЫУШУ-2025,NO,Prepaid,Invoice,,,142,EGP,7,1,1,,0.00,No
69VED3RS,6221319272122,2224320512,B0DH56GV9Y,,"Junior Boy Hooded Set, 12 Years",EGP 513.16,0%,513.16,2,,2,0,0,03-ГЫУШУ-2025,14-ГЫУШУ-2025,Delivery,03-ГЫУШУ-2025,AC - Accepted: In stock,,399U9,SPX5,,Unconfirmed,02-ГЫУШУ-2025,NO,Prepaid,Invoice,,,142,EGP,7,1,1,,0.00,No
69VED3RS,6221319283456,2224321718,B0DH56M8TW,,"Junior Boy Hooded Set, 18 Years",EGP 541.67,0%,541.67,2,,2,0,0,03-ГЫУШУ-2025,14-ГЫУШУ-2025,Delivery,03-ГЫУШУ-2025,AC - Accepted: In stock,,399U9,SPX5,,Unconfirmed,02-ГЫУШУ-2025,NO,Prepaid,Invoice,,,142,EGP,7,1,1,,0.00,No
69VED3RS,6221319283029,2224320912,B0DH56MSMZ,,"Junior Boy Rounded Set, 12 Years",EGP 484.65,0%,484.65,2,,2,0,0,03-ГЫУШУ-2025,14-ГЫУШУ-2025,Delivery,03-ГЫУШУ-2025,AC - Accepted: In stock,,399U9,SPX5,,Unconfirmed,02-ГЫУШУ-2025,NO,Prepaid,Invoice,,,142,EGP,7,1,1,,0.00,No
69VED3RS,6221319272085,2224320510,B0DH56NHW6,,"Junior Boy Hooded Set, 10 Years",EGP 513.16,0%,513.16,1,,1,0,0,03-ГЫУШУ-2025,14-ГЫУШУ-2025,Delivery,03-ГЫУШУ-2025,AC - Accepted: In stock,,399U9,SPX5,,Unconfirmed,02-ГЫУШУ-2025,NO,Prepaid,Invoice,,,142,EGP,7,1,1,,0.00,No
69VED3RS,6221319272603,2224320716,B0DH56Q6DN,,"Junior Boy Hooded Set, 16 Years",EGP 513.16,0%,513.16,2,,2,0,0,03-ГЫУШУ-2025,14-ГЫУШУ-2025,Delivery,03-ГЫУШУ-2025,AC - Accepted: In stock,,399U9,SPX5,,Unconfirmed,02-ГЫУШУ-2025,NO,Prepaid,Invoice,,,142,EGP,7,1,1,,0.00,No
69VED3RS,6221319283425,2224321712,B0DH56T4ZZ,,"Junior Boy Hooded Set, 12 Years",EGP 541.67,0%,541.67,1,,1,0,0,03-ГЫУШУ-2025,14-ГЫУШУ-2025,Delivery,03-ГЫУШУ-2025,AC - Accepted: In stock,,399U9,SPX5,,Unconfirmed,02-ГЫУШУ-2025,NO,Prepaid,Invoice,,,142,EGP,7,1,1,,0.00,No
69VED3RS,6221319283081,2224321014,B0DH56WCJK,,"Junior Boy Hooded Set, 14 Years",EGP 513.16,0%,513.16,2,,2,0,0,03-ГЫУШУ-2025,14-ГЫУШУ-2025,Delivery,03-ГЫУШУ-2025,AC - Accepted: In stock,,399U9,SPX5,,Unconfirmed,02-ГЫУШУ-2025,NO,Prepaid,Invoice,,,142,EGP,7,1,1,,0.00,No
69VED3RS,6221319283289,2224321414,B0DH573DN3,,"Junior Boy Hooded Set, 14 Years",EGP 513.16,0%,513.16,2,,2,0,0,03-ГЫУШУ-2025,14-ГЫУШУ-2025,Delivery,03-ГЫУШУ-2025,AC - Accepted: In stock,,399U9,SPX5,,Unconfirmed,02-ГЫУШУ-2025,NO,Prepaid,Invoice,,,142,EGP,7,1,1,,0.00,No
69VED3RS,6221319271880,2224320410,B0DH577SB8,,"Junior Boy High Collar Set, 10 Years",EGP 498.90,0%,498.9,1,,1,0,0,03-ГЫУШУ-2025,14-ГЫУШУ-2025,Delivery,03-ГЫУШУ-2025,AC - Accepted: In stock,,399U9,SPX5,,Unconfirmed,02-ГЫУШУ-2025,NO,Prepaid,Invoice,,,142,EGP,7,1,1,,0.00,No
69VED3RS,6221319284972,2224322310,B0DH579MMP,,"Junior Boy Hooded Set, 10 Years",EGP 513.16,0%,513.16,1,,1,0,0,03-ГЫУШУ-2025,14-ГЫУШУ-2025,Delivery,03-ГЫУШУ-2025,AC - Accepted: In stock,,399U9,SPX5,,Unconfirmed,02-ГЫУШУ-2025,NO,Prepaid,Invoice,,,142,EGP,7,1,1,,0.00,No
69VED3RS,6221319286495,145654,B0DHSDN4YW,,"Junior Baby Pack of 3 cotton bodysuits, 36 Months",EGP 185.31,0%,185.31,30,,30,0,0,03-ГЫУШУ-2025,14-ГЫУШУ-2025,Delivery,03-ГЫУШУ-2025,AC - Accepted: In stock,,399U9,SPX5,,Unconfirmed,02-ГЫУШУ-2025,NO,Prepaid,Invoice,,,142,EGP,7,1,1,,0.00,No
69VED3RS,6221319288239,145813,B0DHSDWYDH,,"Junior Baby Pack of 3 cotton Long Sleeve bodysuits, 36 Months",EGP 199.56,0%,199.56,15,,15,0,0,03-ГЫУШУ-2025,14-ГЫУШУ-2025,Delivery,03-ГЫУШУ-2025,AC - Accepted: In stock,,399U9,SPX5,,Unconfirmed,02-ГЫУШУ-2025,NO,Prepaid,Invoice,,,142,EGP,7,1,1,,0.00,No
69VED3RS,6221319286846,145682,B0DHSDYYCZ,,"Junior Baby Pack of 3 cotton Short Sleeve bodysuits, 36 Months",EGP 185.31,0%,185.31,1,,1,0,0,03-ГЫУШУ-2025,14-ГЫУШУ-2025,Delivery,03-ГЫУШУ-2025,AC - Accepted: In stock,,399U9,SPX5,,Unconfirmed,02-ГЫУШУ-2025,NO,Prepaid,Invoice,,,142,EGP,7,1,1,,0.00,No
69VED3RS,6221319289861,145962,B0DHSF3588,,"Junior Baby Pack of 3 cotton Sleeveless bodysuits 9, 6-9 Months",EGP 171.05,0%,171.05,6,,6,0,0,03-ГЫУШУ-2025,14-ГЫУШУ-2025,Delivery,03-ГЫУШУ-2025,AC - Accepted: In stock,,399U9,SPX5,,Unconfirmed,02-ГЫУШУ-2025,NO,Prepaid,Invoice,,,142,EGP,7,1,1,,0.00,No
69VED3RS,6221319287669,145756,B0DHSF4VM8,,"Junior Baby Pack of 3 cotton Long Sleeve bodysuits, 24 Months",EGP 199.56,0%,199.56,9,,9,0,0,03-ГЫУШУ-2025,14-ГЫУШУ-2025,Delivery,03-ГЫУШУ-2025,AC - Accepted: In stock,,399U9,SPX5,,Unconfirmed,02-ГЫУШУ-2025,NO,Prepaid,Invoice,,,142,EGP,7,1,1,,0.00,No
69VED3RS,6221319288857,145875,B0DHSF6NX8,,"Junior P/3 Baby Short-Sleeve Kimono Bodysuit, 3 Months",EGP 213.82,0%,213.82,3,,3,0,0,03-ГЫУШУ-2025,14-ГЫУШУ-2025,Delivery,03-ГЫУШУ-2025,AC - Accepted: In stock,,399U9,SPX5,,Unconfirmed,02-ГЫУШУ-2025,NO,Prepaid,Invoice,,,142,EGP,7,1,1,,0.00,No
69VED3RS,6221319289496,145524,B0DHSFMVZS,,"Junior Baby Pack of 3 cotton Sleeveless bodysuits, 3 Months",EGP 171.05,0%,171.05,7,,7,0,0,03-ГЫУШУ-2025,14-ГЫУШУ-2025,Delivery,03-ГЫУШУ-2025,AC - Accepted: In stock,,399U9,SPX5,,Unconfirmed,02-ГЫУШУ-2025,NO,Prepaid,Invoice,,,142,EGP,7,1,1,,0.00,No
69VED3RS,6221319289779,145953,B0DHSFSW57,,"Junior Baby Pack of 3 cotton Sleeveless bodysuits, 3 Months",EGP 171.05,0%,171.05,1,,1,0,0,03-ГЫУШУ-2025,14-ГЫУШУ-2025,Delivery,03-ГЫУШУ-2025,AC - Accepted: In stock,,399U9,SPX5,,Unconfirmed,02-ГЫУШУ-2025,NO,Prepaid,Invoice,,,142,EGP,7,1,1,,0.00,No
69VED3RS,6221319289786,145954,B0DHSFW9W7,,"Junior Baby Pack of 3 cotton Sleeveless bodysuits 6, 3-6 Months",EGP 171.05,0%,171.05,1,,1,0,0,03-ГЫУШУ-2025,14-ГЫУШУ-2025,Delivery,03-ГЫУШУ-2025,AC - Accepted: In stock,,399U9,SPX5,,Unconfirmed,02-ГЫУШУ-2025,NO,Prepaid,Invoice,,,142,EGP,7,1,1,,0.00,No
69VED3RS,6221319288352,145825,B0DHSGCHW5,,"Junior Baby Pack of 3 cotton Long Sleeve bodysuits, 18 Months",EGP 199.56,0%,199.56,21,,21,0,0,03-ГЫУШУ-2025,14-ГЫУШУ-2025,Delivery,03-ГЫУШУ-2025,AC - Accepted: In stock,,399U9,SPX5,,Unconfirmed,02-ГЫУШУ-2025,NO,Prepaid,Invoice,,,142,EGP,7,1,1,,0.00,No
69VED3RS,6221319289540,145529,B0DHSGCJS7,,"Junior Baby Pack of 3 cotton Sleeveless bodysuits, 24 Months",EGP 171.05,0%,171.05,6,,6,0,0,03-ГЫУШУ-2025,14-ГЫУШУ-2025,Delivery,03-ГЫУШУ-2025,AC - Accepted: In stock,,399U9,SPX5,,Unconfirmed,02-ГЫУШУ-2025,NO,Prepaid,Invoice,,,142,EGP,7,1,1,,0.00,No
69VED3RS,6221319286839,145681,B0DHSGDHCP,,"Junior Baby Pack of 3 cotton Short Sleeve bodysuits, 24 Months",EGP 185.31,0%,185.31,11,,11,0,0,03-ГЫУШУ-2025,14-ГЫУШУ-2025,Delivery,03-ГЫУШУ-2025,AC - Accepted: In stock,,399U9,SPX5,,Unconfirmed,02-ГЫУШУ-2025,NO,Prepaid,Invoice,,,142,EGP,7,1,1,,0.00,No
69VED3RS,6221319289205,145903,B0DHSGFWB2,,"Junior Baby Pack of 3 cotton Sleeveless bodysuits, 36 Months",EGP 171.05,0%,171.05,1,,1,0,0,03-ГЫУШУ-2025,14-ГЫУШУ-2025,Delivery,03-ГЫУШУ-2025,AC - Accepted: In stock,,399U9,SPX5,,Unconfirmed,02-ГЫУШУ-2025,NO,Prepaid,Invoice,,,142,EGP,7,1,1,,0.00,No
69VED3RS,6221319289533,145528,B0DHSGG4RP,,"Junior Baby Pack of 3 cotton Sleeveless bodysuits, 18 Months",EGP 171.05,0%,171.05,26,,26,0,0,03-ГЫУШУ-2025,14-ГЫУШУ-2025,Delivery,03-ГЫУШУ-2025,AC - Accepted: In stock,,399U9,SPX5,,Unconfirmed,02-ГЫУШУ-2025,NO,Prepaid,Invoice,,,142,EGP,7,1,1,,0.00,No
69VED3RS,6221319289519,145526,B0DHSGGJ14,,"Junior Baby Pack of 3 cotton Sleeveless bodysuits 9, 6-9 Months",EGP 171.05,0%,171.05,6,,6,0,0,03-ГЫУШУ-2025,14-ГЫУШУ-2025,Delivery,03-ГЫУШУ-2025,AC - Accepted: In stock,,399U9,SPX5,,Unconfirmed,02-ГЫУШУ-2025,NO,Prepaid,Invoice,,,142,EGP,7,1,1,,0.00,No
69VED3RS,6221319290294,145603,B0DHSGJD2X,,"Junior P/3 Baby Short-Sleeve Kimono Bodysuit 6, 3-6 Months",EGP 185.31,0%,185.31,3,,3,0,0,03-ГЫУШУ-2025,14-ГЫУШУ-2025,Delivery,03-ГЫУШУ-2025,AC - Accepted: In stock,,399U9,SPX5,,Unconfirmed,02-ГЫУШУ-2025,NO,Prepaid,Invoice,,,142,EGP,7,1,1,,0.00,No
69VED3RS,6221319289434,145926,B0DHSGMBSM,,"Junior Baby Pack of 3 cotton Sleeveless bodysuits 6, 3-6 Months",EGP 171.05,0%,171.05,6,,6,0,0,03-ГЫУШУ-2025,14-ГЫУШУ-2025,Delivery,03-ГЫУШУ-2025,AC - Accepted: In stock,,399U9,SPX5,,Unconfirmed,02-ГЫУШУ-2025,NO,Prepaid,Invoice,,,142,EGP,7,1,1,,0.00,No
69VED3RS,6221319286440,145649,B0DHSGTQHY,,"Junior Baby Pack of 3 cotton bodysuits 6, 3-6 Months",EGP 185.31,0%,185.31,12,,12,0,0,03-ГЫУШУ-2025,14-ГЫУШУ-2025,Delivery,03-ГЫУШУ-2025,AC - Accepted: In stock,,399U9,SPX5,,Unconfirmed,02-ГЫУШУ-2025,NO,Prepaid,Invoice,,,142,EGP,7,1,1,,0.00,No
69VED3RS,6221319289083,145498,B0DHSGTQMT,,"Junior Baby Pack of 3 cotton Sleeveless bodysuits 6, 3-6 Months",EGP 171.05,0%,171.05,3,,3,0,0,03-ГЫУШУ-2025,14-ГЫУШУ-2025,Delivery,03-ГЫУШУ-2025,AC - Accepted: In stock,,399U9,SPX5,,Unconfirmed,02-ГЫУШУ-2025,NO,Prepaid,Invoice,,,142,EGP,7,1,1,,0.00,No
69VED3RS,6221319289502,145525,B0DHSGTTDN,,"Junior Baby Boy Pack of 3 cotton Sleeveless bodysuits 6, 3-6 Months",EGP 171.05,0%,171.05,4,,4,0,0,03-ГЫУШУ-2025,14-ГЫУШУ-2025,Delivery,03-ГЫУШУ-2025,AC - Accepted: In stock,,399U9,SPX5,,Unconfirmed,02-ГЫУШУ-2025,NO,Prepaid,Invoice,,,142,EGP,7,1,1,,0.00,No
69VED3RS,6221319289526,145527,B0DHSGTYVG,,"Junior Baby Pack of 3 cotton Sleeveless bodysuits, 12 Months",EGP 171.05,0%,171.05,4,,4,0,0,03-ГЫУШУ-2025,14-ГЫУШУ-2025,Delivery,03-ГЫУШУ-2025,AC - Accepted: In stock,,399U9,SPX5,,Unconfirmed,02-ГЫУШУ-2025,NO,Prepaid,Invoice,,,142,EGP,7,1,1,,0.00,No
69VED3RS,6221319286501,145604,B0DHSGV2MB,,"Junior Baby Pack of 3 cotton bodysuits, 3 Months",EGP 185.31,0%,185.31,3,,3,0,0,03-ГЫУШУ-2025,14-ГЫУШУ-2025,Delivery,03-ГЫУШУ-2025,AC - Accepted: In stock,,399U9,SPX5,,Unconfirmed,02-ГЫУШУ-2025,NO,Prepaid,Invoice,,,142,EGP,7,1,1,,0.00,No
69VED3RS,6221319286433,145648,B0DHSGV8ZH,,"Junior Baby Pack of 3 cotton bodysuits, 3 Months",EGP 185.31,0%,185.31,3,,3,0,0,03-ГЫУШУ-2025,14-ГЫУШУ-2025,Delivery,03-ГЫУШУ-2025,AC - Accepted: In stock,,399U9,SPX5,,Unconfirmed,02-ГЫУШУ-2025,NO,Prepaid,Invoice,,,142,EGP,7,1,1,,0.00,No
69VED3RS,6221319289113,145501,B0DHSGVWNY,,"Junior Baby Pack of 3 cotton Sleeveless bodysuits, 18 Months",EGP 171.05,0%,171.05,1,,1,0,0,03-ГЫУШУ-2025,14-ГЫУШУ-2025,Delivery,03-ГЫУШУ-2025,AC - Accepted: In stock,,399U9,SPX5,,Unconfirmed,02-ГЫУШУ-2025,NO,Prepaid,Invoice,,,142,EGP,7,1,1,,0.00,No
69VED3RS,6221319286556,145609,B0DHSGW47M,,"Junior Baby Pack of 3 cotton bodysuits, 24 Months",EGP 185.31,0%,185.31,21,,21,0,0,03-ГЫУШУ-2025,14-ГЫУШУ-2025,Delivery,03-ГЫУШУ-2025,AC - Accepted: In stock,,399U9,SPX5,,Unconfirmed,02-ГЫУШУ-2025,NO,Prepaid,Invoice,,,142,EGP,7,1,1,,0.00,No
69VED3RS,6221319290287,145602,B0DHSGWTDL,,"Junior P/3 Baby Short-Sleeve Kimono Bodysuit, 3 Months",EGP 185.31,0%,185.31,21,,21,0,0,03-ГЫУШУ-2025,14-ГЫУШУ-2025,Delivery,03-ГЫУШУ-2025,AC - Accepted: In stock,,399U9,SPX5,,Unconfirmed,02-ГЫУШУ-2025,NO,Prepaid,Invoice,,,142,EGP,7,1,1,,0.00,No
69VED3RS,6221319289489,145931,B0DHSGXBHB,,"Junior Baby Pack of 3 cotton Sleeveless bodysuits, 36 Months",EGP 171.05,0%,171.05,8,,8,0,0,03-ГЫУШУ-2025,14-ГЫУШУ-2025,Delivery,03-ГЫУШУ-2025,AC - Accepted: In stock,,399U9,SPX5,,Unconfirmed,02-ГЫУШУ-2025,NO,Prepaid,Invoice,,,142,EGP,7,1,1,,0.00,No
69VED3RS,6221319286471,145652,B0DHSH5SGL,,"Junior Baby Pack of 3 cotton bodysuits, 18 Months",EGP 185.31,0%,185.31,9,,9,0,0,03-ГЫУШУ-2025,14-ГЫУШУ-2025,Delivery,03-ГЫУШУ-2025,AC - Accepted: In stock,,399U9,SPX5,,Unconfirmed,02-ГЫУШУ-2025,NO,Prepaid,Invoice,,,142,EGP,7,1,1,,0.00,No
69VED3RS,6221319289175,145900,B0DHSHC1VP,,"Junior Baby Pack of 3 cotton Sleeveless bodysuits, 12 Months",EGP 171.05,0%,171.05,3,,3,0,0,03-ГЫУШУ-2025,14-ГЫУШУ-2025,Delivery,03-ГЫУШУ-2025,AC - Accepted: In stock,,399U9,SPX5,,Unconfirmed,02-ГЫУШУ-2025,NO,Prepaid,Invoice,,,142,EGP,7,1,1,,0.00,No
69VED3RS,6221319287935,145783,B0DHSHJYPR,,"Junior Baby Pack of 3 cotton Long Sleeve bodysuits, 18 Months",EGP 199.56,0%,199.56,19,,19,0,0,03-ГЫУШУ-2025,14-ГЫУШУ-2025,Delivery,03-ГЫУШУ-2025,AC - Accepted: In stock,,399U9,SPX5,,Unconfirmed,02-ГЫУШУ-2025,NO,Prepaid,Invoice,,,142,EGP,7,1,1,,0.00,No
69VED3RS,6221319289458,145928,B0DHSHLC8D,,"Junior Baby Pack of 3 cotton Sleeveless bodysuits, 12 Months",EGP 171.05,0%,171.05,3,,3,0,0,03-ГЫУШУ-2025,14-ГЫУШУ-2025,Delivery,03-ГЫУШУ-2025,AC - Accepted: In stock,,399U9,SPX5,,Unconfirmed,02-ГЫУШУ-2025,NO,Prepaid,Invoice,,,142,EGP,7,1,1,,0.00,No
69VED3RS,6221319289427,145925,B0DHSHPGFP,,"Junior Baby Pack of 3 cotton Sleeveless bodysuits, 3 Months",EGP 171.05,0%,171.05,6,,6,0,0,03-ГЫУШУ-2025,14-ГЫУШУ-2025,Delivery,03-ГЫУШУ-2025,AC - Accepted: In stock,,399U9,SPX5,,Unconfirmed,02-ГЫУШУ-2025,NO,Prepaid,Invoice,,,142,EGP,7,1,1,,0.00,No
69VED3RS,6221319289830,145959,B0DHSHQ558,,"Junior Baby Pack of 3 cotton Sleeveless bodysuits, 36 Months",EGP 171.05,0%,171.05,2,,2,0,0,03-ГЫУШУ-2025,14-ГЫУШУ-2025,Delivery,03-ГЫУШУ-2025,AC - Accepted: In stock,,399U9,SPX5,,Unconfirmed,02-ГЫУШУ-2025,NO,Prepaid,Invoice,,,142,EGP,7,1,1,,0.00,No
69VED3RS,6221319286198,145548,B0DHSHW5BY,,"Junior Baby Pack of 3 cotton bodysuits, 18 Months",EGP 185.31,0%,185.31,27,,27,0,0,03-ГЫУШУ-2025,14-ГЫУШУ-2025,Delivery,03-ГЫУШУ-2025,AC - Accepted: In stock,,399U9,SPX5,,Unconfirmed,02-ГЫУШУ-2025,NO,Prepaid,Invoice,,,142,EGP,7,1,1,,0.00,No
69VED3RS,6221319288734,145863,B0DHSJ29BK,,"Junior P/3 Baby Short-Sleeve Kimono Bodysuit, 3 Months",EGP 213.82,0%,213.82,5,,5,0,0,03-ГЫУШУ-2025,14-ГЫУШУ-2025,Delivery,03-ГЫУШУ-2025,AC - Accepted: In stock,,399U9,SPX5,,Unconfirmed,02-ГЫУШУ-2025,NO,Prepaid,Invoice,,,142,EGP,7,1,1,,0.00,No
69VED3RS,6221319287621,145752,B0DHSJ56BP,,"Junior Baby Pack of 3 cotton Long Sleeve bodysuits 6, 3-6 Months",EGP 199.56,0%,199.56,25,,25,0,0,03-ГЫУШУ-2025,14-ГЫУШУ-2025,Delivery,03-ГЫУШУ-2025,AC - Accepted: In stock,,399U9,SPX5,,Unconfirmed,02-ГЫУШУ-2025,NO,Prepaid,Invoice,,,142,EGP,7,1,1,,0.00,No
69VED3RS,6221319289441,145927,B0DHSJ6HB7,,"Junior Baby Pack of 3 cotton Sleeveless bodysuits 9, 6-9 Months",EGP 171.05,0%,171.05,2,,2,0,0,03-ГЫУШУ-2025,14-ГЫУШУ-2025,Delivery,03-ГЫУШУ-2025,AC - Accepted: In stock,,399U9,SPX5,,Unconfirmed,02-ГЫУШУ-2025,NO,Prepaid,Invoice,,,142,EGP,7,1,1,,0.00,No
69VED3RS,6221319288185,145808,B0DHSJ8613,,"Junior Baby Pack of 3 cotton Long Sleeve bodysuits 6, 3-6 Months",EGP 199.56,0%,199.56,24,,24,0,0,03-ГЫУШУ-2025,14-ГЫУШУ-2025,Delivery,03-ГЫУШУ-2025,AC - Accepted: In stock,,399U9,SPX5,,Unconfirmed,02-ГЫУШУ-2025,NO,Prepaid,Invoice,,,142,EGP,7,1,1,,0.00,No
69VED3RS,6221319286457,145650,B0DHSJCG2Q,,"Junior Baby Pack of 3 cotton bodysuits 9, 6-9 Months",EGP 185.31,0%,185.31,3,,3,0,0,03-ГЫУШУ-2025,14-ГЫУШУ-2025,Delivery,03-ГЫУШУ-2025,AC - Accepted: In stock,,399U9,SPX5,,Unconfirmed,02-ГЫУШУ-2025,NO,Prepaid,Invoice,,,142,EGP,7,1,1,,0.00,No
69VED3RS,6221319289557,145530,B0DHSJFY6P,,"Junior Baby Pack of 3 cotton Sleeveless bodysuits, 36 Months",EGP 171.05,0%,171.05,4,,4,0,0,03-ГЫУШУ-2025,14-ГЫУШУ-2025,Delivery,03-ГЫУШУ-2025,AC - Accepted: In stock,,399U9,SPX5,,Unconfirmed,02-ГЫУШУ-2025,NO,Prepaid,Invoice,,,142,EGP,7,1,1,,0.00,No
69VED3RS,6221319289182,145901,B0DHSJVG7R,,"Junior Baby Girl Pack of 3 cotton Sleeveless bodysuits, 18 Months",EGP 171.05,0%,171.05,1,,1,0,0,03-ГЫУШУ-2025,14-ГЫУШУ-2025,Delivery,03-ГЫУШУ-2025,AC - Accepted: In stock,,399U9,SPX5,,Unconfirmed,02-ГЫУШУ-2025,NO,Prepaid,Invoice,,,142,EGP,7,1,1,,0.00,No
69VED3RS,6221319286884,145686,B0DHSL2WVR,,"Junior Baby Pack of 3 cotton Short Sleeve bodysuits, 12 Months",EGP 185.31,0%,185.31,12,,12,0,0,03-ГЫУШУ-2025,14-ГЫУШУ-2025,Delivery,03-ГЫУШУ-2025,AC - Accepted: In stock,,399U9,SPX5,,Unconfirmed,02-ГЫУШУ-2025,NO,Prepaid,Invoice,,,142,EGP,7,1,1,,0.00,No
69VED3RS,6221319284828,324220130104,B0DL33CYQH,,"junior Young Girl Printed Sweatshirt, 4 Years",EGP 339.25,0%,339.25,1,,1,0,0,03-ГЫУШУ-2025,14-ГЫУШУ-2025,Delivery,03-ГЫУШУ-2025,AC - Accepted: In stock,,399U9,SPX5,,Unconfirmed,02-ГЫУШУ-2025,NO,Prepaid,Invoice,,,142,EGP,7,1,1,,0.00,No
69VED3RS,6221319285450,324211546106,B0DL33TPXC,,"junior Baby Boy Corduroy Trousers, 6 Months",EGP 299.34,0%,299.34,1,,1,0,0,03-ГЫУШУ-2025,14-ГЫУШУ-2025,Delivery,03-ГЫУШУ-2025,AC - Accepted: In stock,,399U9,SPX5,,Unconfirmed,02-ГЫУШУ-2025,NO,Prepaid,Invoice,,,142,EGP,7,1,1,,0.00,No
69VED3RS,6221319296302,324211578109,B0DL347ZCC,,"Baby Boys Romper, 9 Months",EGP 484.65,0%,484.65,2,,2,0,0,03-ГЫУШУ-2025,14-ГЫУШУ-2025,Delivery,03-ГЫУШУ-2025,AC - Accepted: In stock,,399U9,SPX5,,Unconfirmed,02-ГЫУШУ-2025,NO,Prepaid,Invoice,,,142,EGP,7,1,1,,0.00,No
69VED3RS,6221319284804,324220130108,B0DL353Z8Z,,"junior Young Girl Printed Sweatshirt, 8 Years",EGP 339.25,0%,339.25,1,,1,0,0,03-ГЫУШУ-2025,14-ГЫУШУ-2025,Delivery,03-ГЫУШУ-2025,AC - Accepted: In stock,,399U9,SPX5,,Unconfirmed,02-ГЫУШУ-2025,NO,Prepaid,Invoice,,,142,EGP,7,1,1,,0.00,No
69VED3RS,6221319301051,324210230118,B0DL368ZL1,,"junior Baby Girl's Long Sleeve Sweatshirt, 18 Months",EGP 299.34,0%,299.34,1,,1,0,0,03-ГЫУШУ-2025,14-ГЫУШУ-2025,Delivery,03-ГЫУШУ-2025,AC - Accepted: In stock,,399U9,SPX5,,Unconfirmed,02-ГЫУШУ-2025,NO,Prepaid,Invoice,,,142,EGP,7,1,1,,0.00,No
69VED3RS,6221319294650,324211530136,B0DP2W9HY4,,"Junior Baby Boy Crew Neck Casual Sweatshirt, 36 Months",EGP 327.85,0%,327.85,1,,1,0,0,03-ГЫУШУ-2025,14-ГЫУШУ-2025,Delivery,03-ГЫУШУ-2025,AC - Accepted: In stock,,399U9,SPX5,,Unconfirmed,02-ГЫУШУ-2025,NO,Prepaid,Invoice,,,142,EGP,7,1,1,,0.00,No
69VED3RS,6221319302379,324210430118,B0DP2X5LWF,,"Junior Baby Girl Leopard Print Sweatshirt, 18 Months",EGP 256.58,0%,256.58,1,,1,0,0,03-ГЫУШУ-2025,14-ГЫУШУ-2025,Delivery,03-ГЫУШУ-2025,AC - Accepted: In stock,,399U9,SPX5,,Unconfirmed,02-ГЫУШУ-2025,NO,Prepaid,Invoice,,,142,EGP,7,1,1,,0.00,No
69VED3RS,6221319294643,324221443104,B0DP2X7RBH,,"Junior Boys Drawstring Waist Sweatpants, 4 Years",EGP 413.38,0%,413.38,1,,1,0,0,03-ГЫУШУ-2025,14-ГЫУШУ-2025,Delivery,03-ГЫУШУ-2025,AC - Accepted: In stock,,399U9,SPX5,,Unconfirmed,02-ГЫУШУ-2025,NO,Prepaid,Invoice,,,142,EGP,7,1,1,,0.00,No
69VED3RS,6221319294612,324211530106,B0DP2X8DF1,,"Junior Baby Boy Crew Neck Casual Sweatshirt, 6 Months",EGP 327.85,0%,327.85,2,,2,0,0,03-ГЫУШУ-2025,14-ГЫУШУ-2025,Delivery,03-ГЫУШУ-2025,AC - Accepted: In stock,,399U9,SPX5,,Unconfirmed,02-ГЫУШУ-2025,NO,Prepaid,Invoice,,,142,EGP,7,1,1,,0.00,No
69VED3RS,6221319297996,324221431214,B0DP2XGK1Q,,"Junior Boys Drawstrings Hooded Long Sleeve Sweatshirt, 14 Years",EGP 427.63,0%,427.63,1,,1,0,0,03-ГЫУШУ-2025,14-ГЫУШУ-2025,Delivery,03-ГЫУШУ-2025,AC - Accepted: In stock,,399U9,SPX5,,Unconfirmed,02-ГЫУШУ-2025,NO,Prepaid,Invoice,,,142,EGP,7,1,1,,0.00,No
69VED3RS,6221319285771,324211530212,B0DP2XGMKX,,"Junior Baby Boy Printed Thermal Sweatshirt, 12 Months",EGP 270.83,0%,270.83,1,,1,0,0,03-ГЫУШУ-2025,14-ГЫУШУ-2025,Delivery,03-ГЫУШУ-2025,AC - Accepted: In stock,,399U9,SPX5,,Unconfirmed,02-ГЫУШУ-2025,NO,Prepaid,Invoice,,,142,EGP,7,1,1,,0.00,No
69VED3RS,6221319297965,324221431208,B0DP2XS6MC,,"Junior Boys Drawstrings Hooded Long Sleeve Sweatshirt, 8 Years",EGP 427.63,0%,427.63,1,,1,0,0,03-ГЫУШУ-2025,14-ГЫУШУ-2025,Delivery,03-ГЫУШУ-2025,AC - Accepted: In stock,,399U9,SPX5,,Unconfirmed,02-ГЫУШУ-2025,NO,Prepaid,Invoice,,,142,EGP,7,1,1,,0.00,No
69VED3RS,6221319294162,324221430504,B0DP2XT9NC,,"Junior Boy Printed Sweatshirt, 4 Years",EGP 427.63,0%,427.63,1,,1,0,0,03-ГЫУШУ-2025,14-ГЫУШУ-2025,Delivery,03-ГЫУШУ-2025,AC - Accepted: In stock,,399U9,SPX5,,Unconfirmed,02-ГЫУШУ-2025,NO,Prepaid,Invoice,,,142,EGP,7,1,1,,0.00,No
69VED3RS,6221319297941,324221431204,B0DP2XV8FS,,"Junior Boys Drawstrings Hooded Long Sleeve Sweatshirt, 4 Years",EGP 427.63,0%,427.63,1,,1,0,0,03-ГЫУШУ-2025,14-ГЫУШУ-2025,Delivery,03-ГЫУШУ-2025,AC - Accepted: In stock,,399U9,SPX5,,Unconfirmed,02-ГЫУШУ-2025,NO,Prepaid,Invoice,,,142,EGP,7,1,1,,0.00,No
69VED3RS,6221319302324,324211430212,B0DP2Y42P5,,"Junior Baby Boy Round Sweatshirt, 12 Months",EGP 327.85,0%,327.85,2,,2,0,0,03-ГЫУШУ-2025,14-ГЫУШУ-2025,Delivery,03-ГЫУШУ-2025,AC - Accepted: In stock,,399U9,SPX5,,Unconfirmed,02-ГЫУШУ-2025,NO,Prepaid,Invoice,,,142,EGP,7,1,1,,0.00,No
69VED3RS,6221319294636,324221443106,B0DP2Y99CY,,"Junior Boys Drawstring Waist Sweatpants, 6 Years",EGP 413.38,0%,413.38,2,,2,0,0,03-ГЫУШУ-2025,14-ГЫУШУ-2025,Delivery,03-ГЫУШУ-2025,AC - Accepted: In stock,,399U9,SPX5,,Unconfirmed,02-ГЫУШУ-2025,NO,Prepaid,Invoice,,,142,EGP,7,1,1,,0.00,No
69VED3RS,6221319307749,324210555136,B0DSLD9CXT,,Junior Baby Girl Onesie,EGP 327.85,0%,327.85,2,,2,0,0,03-ГЫУШУ-2025,14-ГЫУШУ-2025,Delivery,03-ГЫУШУ-2025,AC - Accepted: In stock,,399U9,SPX5,,Unconfirmed,02-ГЫУШУ-2025,NO,Prepaid,Invoice,,,142,EGP,7,1,1,,0.00,No
69VED3RS,6221319296005,324220575206,B0DSLFPRH9,,Junior Baby Girls Puffer Jacket,EGP 855.26,0%,855.26,1,,1,0,0,03-ГЫУШУ-2025,14-ГЫУШУ-2025,Delivery,03-ГЫУШУ-2025,AC - Accepted: In stock,,399U9,SPX5,,Unconfirmed,02-ГЫУШУ-2025,NO,Prepaid,Invoice,,,142,EGP,7,1,1,,0.00,No
69VED3RS,6221319307732,324210555124,B0DSLFZ63K,,Junior Baby Girl Onesie,EGP 327.85,0%,327.85,2,,2,0,0,03-ГЫУШУ-2025,14-ГЫУШУ-2025,Delivery,03-ГЫУШУ-2025,AC - Accepted: In stock,,399U9,SPX5,,Unconfirmed,02-ГЫУШУ-2025,NO,Prepaid,Invoice,,,142,EGP,7,1,1,,0.00,No
69VED3RS,6221319308708,324210630124,B0DSLG6ZXN,,"Junior Baby Girl Blouse, 24 Months",EGP 384.87,0%,384.87,2,,2,0,0,03-ГЫУШУ-2025,14-ГЫУШУ-2025,Delivery,03-ГЫУШУ-2025,AC - Accepted: In stock,,399U9,SPX5,,Unconfirmed,02-ГЫУШУ-2025,NO,Prepaid,Invoice,,,142,EGP,7,1,1,,0.00,No
69VED3RS,6221319308272,324210660236,B0DSLGXH7W,,Junior Baby Girl Dress,EGP 327.85,0%,327.85,2,,2,0,0,03-ГЫУШУ-2025,14-ГЫУШУ-2025,Delivery,03-ГЫУШУ-2025,AC - Accepted: In stock,,399U9,SPX5,,Unconfirmed,02-ГЫУШУ-2025,NO,Prepaid,Invoice,,,142,EGP,7,1,1,,0.00,No
69VED3RS,6221319307169,324210645124,B0DSLGZYF5,,Junior Baby Girl Onesie,EGP 319.30,0%,319.3,2,,2,0,0,03-ГЫУШУ-2025,14-ГЫУШУ-2025,Delivery,03-ГЫУШУ-2025,AC - Accepted: In stock,,399U9,SPX5,,Unconfirmed,02-ГЫУШУ-2025,NO,Prepaid,Invoice,,,142,EGP,7,1,1,,0.00,No
69VED3RS,6221319307718,324210555112,B0DSLH1DQQ,,Junior Baby Girl Onesie,EGP 327.85,0%,327.85,1,,1,0,0,03-ГЫУШУ-2025,14-ГЫУШУ-2025,Delivery,03-ГЫУШУ-2025,AC - Accepted: In stock,,399U9,SPX5,,Unconfirmed,02-ГЫУШУ-2025,NO,Prepaid,Invoice,,,142,EGP,7,1,1,,0.00,No
69VED3RS,6221319308470,324210630218,B0DSLH4V8T,,Junior Baby Girl Blouse,EGP 162.50,0%,162.5,2,,2,0,0,03-ГЫУШУ-2025,14-ГЫУШУ-2025,Delivery,03-ГЫУШУ-2025,AC - Accepted: In stock,,399U9,SPX5,,Unconfirmed,02-ГЫУШУ-2025,NO,Prepaid,Invoice,,,142,EGP,7,1,1,,0.00,No
69VED3RS,6221319307725,324210555118,B0DSLHJMB4,,Junior Baby Girl Onesie,EGP 327.85,0%,327.85,3,,3,0,0,03-ГЫУШУ-2025,14-ГЫУШУ-2025,Delivery,03-ГЫУШУ-2025,AC - Accepted: In stock,,399U9,SPX5,,Unconfirmed,02-ГЫУШУ-2025,NO,Prepaid,Invoice,,,142,EGP,7,1,1,,0.00,No
69VED3RS,6221319304229,324210430212,B0DSLHJRL4,,Junior Baby Girl Crew Neck Sweatshirt,EGP 299.34,0%,299.34,2,,2,0,0,03-ГЫУШУ-2025,14-ГЫУШУ-2025,Delivery,03-ГЫУШУ-2025,AC - Accepted: In stock,,399U9,SPX5,,Unconfirmed,02-ГЫУШУ-2025,NO,Prepaid,Invoice,,,142,EGP,7,1,1,,0.00,No
69VED3RS,6221319307381,324210646112,B0DSLHKKRT,,Junior Baby Girl Short,EGP 282.24,0%,282.24,1,,1,0,0,03-ГЫУШУ-2025,14-ГЫУШУ-2025,Delivery,03-ГЫУШУ-2025,AC - Accepted: In stock,,399U9,SPX5,,Unconfirmed,02-ГЫУШУ-2025,NO,Prepaid,Invoice,,,142,EGP,7,1,1,,0.00,No
69VED3RS,6221319307695,324210555106,B0DSLJ2LC3,,"Junior Baby Girl Onesie, 6 Months",EGP 327.85,0%,327.85,1,,1,0,0,03-ГЫУШУ-2025,14-ГЫУШУ-2025,Delivery,03-ГЫУШУ-2025,AC - Accepted: In stock,,399U9,SPX5,,Unconfirmed,02-ГЫУШУ-2025,NO,Prepaid,Invoice,,,142,EGP,7,1,1,,0.00,No
69VED3RS,6221319308289,324210660224,B0DSLJ73DN,,Junior Baby Girl Dress,EGP 327.85,0%,327.85,2,,2,0,0,03-ГЫУШУ-2025,14-ГЫУШУ-2025,Delivery,03-ГЫУШУ-2025,AC - Accepted: In stock,,399U9,SPX5,,Unconfirmed,02-ГЫУШУ-2025,NO,Prepaid,Invoice,,,142,EGP,7,1,1,,0.00,No
69VED3RS,6221319305554,324211630212,B0DSLK2JG6,,Junior Baby Girl Cotton Crewneck Sweatshirt,EGP 299.34,0%,299.34,3,,3,0,0,03-ГЫУШУ-2025,14-ГЫУШУ-2025,Delivery,03-ГЫУШУ-2025,AC - Accepted: In stock,,399U9,SPX5,,Unconfirmed,02-ГЫУШУ-2025,NO,Prepaid,Invoice,,,142,EGP,7,1,1,,0.00,No
69VED3RS,6221319301273,324211143124,B0DSLK2PYQ,,Junior Baby Boy Cotton Sweatpants,EGP 327.85,0%,327.85,2,,2,0,0,03-ГЫУШУ-2025,14-ГЫУШУ-2025,Delivery,03-ГЫУШУ-2025,AC - Accepted: In stock,,399U9,SPX5,,Unconfirmed,02-ГЫУШУ-2025,NO,Prepaid,Invoice,,,142,EGP,7,1,1,,0.00,No
69VED3RS,6221319308487,324210630224,B0DSLK5LV5,,Junior Baby Girl Blouse,EGP 162.50,0%,162.5,2,,2,0,0,03-ГЫУШУ-2025,14-ГЫУШУ-2025,Delivery,03-ГЫУШУ-2025,AC - Accepted: In stock,,399U9,SPX5,,Unconfirmed,02-ГЫУШУ-2025,NO,Prepaid,Invoice,,,142,EGP,7,1,1,,0.00,No
69VED3RS,6221319307176,324210645136,B0DSLKK28M,,"Junior Baby Girl Onesie, 36 Months",EGP 319.30,0%,319.3,1,,1,0,0,03-ГЫУШУ-2025,14-ГЫУШУ-2025,Delivery,03-ГЫУШУ-2025,AC - Accepted: In stock,,399U9,SPX5,,Unconfirmed,02-ГЫУШУ-2025,NO,Prepaid,Invoice,,,142,EGP,7,1,1,,0.00,No
69VED3RS,6221319303215,324211231112,B0DSLL7L72,,Junior Baby Girl Cotton Hooded Sweatshirt,EGP 327.85,0%,327.85,1,,1,0,0,03-ГЫУШУ-2025,14-ГЫУШУ-2025,Delivery,03-ГЫУШУ-2025,AC - Accepted: In stock,,399U9,SPX5,,Unconfirmed,02-ГЫУШУ-2025,NO,Prepaid,Invoice,,,142,EGP,7,1,1,,0.00,No
69VED3RS,6221319308302,324210660212,B0DSLL91SX,,Junior Baby Girl Dress,EGP 327.85,0%,327.85,3,,3,0,0,03-ГЫУШУ-2025,14-ГЫУШУ-2025,Delivery,03-ГЫУШУ-2025,AC - Accepted: In stock,,399U9,SPX5,,Unconfirmed,02-ГЫУШУ-2025,NO,Prepaid,Invoice,,,142,EGP,7,1,1,,0.00,No
69VED3RS,6221319324531,2325261603,B0DVCD3MPN,,Junior Baby Hooded Blanket,EGP 342.11,35%,222.37,1,,1,0,0,03-ГЫУШУ-2025,14-ГЫУШУ-2025,Delivery,03-ГЫУШУ-2025,AC - Accepted: In stock,,399U9,SPX5,,Unconfirmed,02-ГЫУШУ-2025,NO,Prepaid,Invoice,,,142,EGP,7,1,1,,0.00,No
69VED3RS,6221319323497,2325204803,B0DVCD4RPY,,"Junior Cotton Baby Bib Set, 3 Months",EGP 153.51,35%,99.79,7,,7,0,0,03-ГЫУШУ-2025,14-ГЫУШУ-2025,Delivery,03-ГЫУШУ-2025,AC - Accepted: In stock,,399U9,SPX5,,Unconfirmed,02-ГЫУШУ-2025,NO,Prepaid,Invoice,,,142,EGP,7,1,1,,0.00,No
69VED3RS,6221319324289,2325260703,B0DVCD9L27,,"Junior Cotton Baby Bib Set, 3 Months",EGP 144.74,35%,94.08,3,,3,0,0,03-ГЫУШУ-2025,14-ГЫУШУ-2025,Delivery,03-ГЫУШУ-2025,AC - Accepted: In stock,,399U9,SPX5,,Unconfirmed,02-ГЫУШУ-2025,NO,Prepaid,Invoice,,,142,EGP,7,1,1,,0.00,No
69VED3RS,6221319324708,2325262318,B0DVCDSR31,,Junior Baby Cotton Pajama,EGP 482.46,35%,313.6,2,,2,0,0,03-ГЫУШУ-2025,14-ГЫУШУ-2025,Delivery,03-ГЫУШУ-2025,AC - Accepted: In stock,,399U9,SPX5,,Unconfirmed,02-ГЫУШУ-2025,NO,Prepaid,Invoice,,,142,EGP,7,1,1,,0.00,No
69VED3RS,6221319325316,2325264603,B0DVCDVSRP,,Junior Baby Girl Cotton Hooded Blanket,EGP 342.11,35%,222.37,1,,1,0,0,03-ГЫУШУ-2025,14-ГЫУШУ-2025,Delivery,03-ГЫУШУ-2025,AC - Accepted: In stock,,399U9,SPX5,,Unconfirmed,02-ГЫУШУ-2025,NO,Prepaid,Invoice,,,142,EGP,7,1,1,,0.00,No
69VED3RS,6221319325323,2325264703,B0DVCDYXT3,,Junior Baby Girl Cotton Hooded Blanket,EGP 342.11,35%,222.37,7,,7,0,0,03-ГЫУШУ-2025,14-ГЫУШУ-2025,Delivery,03-ГЫУШУ-2025,AC - Accepted: In stock,,399U9,SPX5,,Unconfirmed,02-ГЫУШУ-2025,NO,Prepaid,Invoice,,,142,EGP,7,1,1,,0.00,No
69VED3RS,6221319325026,2325263512,B0DVCF5P5J,,Junior Baby Girl Cotton Pajama,EGP 482.46,35%,313.6,2,,2,0,0,03-ГЫУШУ-2025,14-ГЫУШУ-2025,Delivery,03-ГЫУШУ-2025,AC - Accepted: In stock,,399U9,SPX5,,Unconfirmed,02-ГЫУШУ-2025,NO,Prepaid,Invoice,,,142,EGP,7,1,1,,0.00,No
69VED3RS,6221319324012,2325206803,B0DVCFCGYB,,"Junior Cotton Baby Bib Set, 3 Months",EGP 153.51,35%,99.79,11,,11,0,0,03-ГЫУШУ-2025,14-ГЫУШУ-2025,Delivery,03-ГЫУШУ-2025,AC - Accepted: In stock,,399U9,SPX5,,Unconfirmed,02-ГЫУШУ-2025,NO,Prepaid,Invoice,,,142,EGP,7,1,1,,0.00,No
69VED3RS,6221319325057,2325263603,B0DVCFFHBN,,Junior Baby Girl Cotton Hooded Blanket,EGP 342.11,35%,222.37,7,,7,0,0,03-ГЫУШУ-2025,14-ГЫУШУ-2025,Delivery,03-ГЫУШУ-2025,AC - Accepted: In stock,,399U9,SPX5,,Unconfirmed,02-ГЫУШУ-2025,NO,Prepaid,Invoice,,,142,EGP,7,1,1,,0.00,No
69VED3RS,6221319330037,2325266803,B0DVCFFWFK,,"Junior Baby Cotton Bib Set, 3 Months",EGP 144.74,35%,94.08,3,,3,0,0,03-ГЫУШУ-2025,14-ГЫУШУ-2025,Delivery,03-ГЫУШУ-2025,AC - Accepted: In stock,,399U9,SPX5,,Unconfirmed,02-ГЫУШУ-2025,NO,Prepaid,Invoice,,,142,EGP,7,1,1,,0.00,No
69VED3RS,6221319325071,2325263803,B0DVCFJ36B,,"Junior Baby Girl Cotton Bib Set, 3 Months",EGP 144.74,35%,94.08,7,,7,0,0,03-ГЫУШУ-2025,14-ГЫУШУ-2025,Delivery,03-ГЫУШУ-2025,AC - Accepted: In stock,,399U9,SPX5,,Unconfirmed,02-ГЫУШУ-2025,NO,Prepaid,Invoice,,,142,EGP,7,1,1,,0.00,No
69VED3RS,6221319324258,2325260403,B0DVCFJHQV,,Junior Baby Boy Hooded Blanket,EGP 342.11,35%,222.37,3,,3,0,0,03-ГЫУШУ-2025,14-ГЫУШУ-2025,Delivery,03-ГЫУШУ-2025,AC - Accepted: In stock,,399U9,SPX5,,Unconfirmed,02-ГЫУШУ-2025,NO,Prepaid,Invoice,,,142,EGP,7,1,1,,0.00,No
69VED3RS,6221319323756,2325205803,B0DVCFPLDV,,"Junior Cotton Baby Bib Set, 3 Months",EGP 144.74,35%,94.08,7,,7,0,0,03-ГЫУШУ-2025,14-ГЫУШУ-2025,Delivery,03-ГЫУШУ-2025,AC - Accepted: In stock,,399U9,SPX5,,Unconfirmed,02-ГЫУШУ-2025,NO,Prepaid,Invoice,,,142,EGP,7,1,1,,0.00,No
69VED3RS,6221319324555,2325261803,B0DVCFRPB3,,"Junior Baby Beanie Set, 3 Months",EGP 153.51,35%,99.79,3,,3,0,0,03-ГЫУШУ-2025,14-ГЫУШУ-2025,Delivery,03-ГЫУШУ-2025,AC - Accepted: In stock,,399U9,SPX5,,Unconfirmed,02-ГЫУШУ-2025,NO,Prepaid,Invoice,,,142,EGP,7,1,1,,0.00,No
69VED3RS,6221319324005,2325206703,B0DVCFTM4V,,Junior Baby Boy Elephant Print Hooded Blanket,EGP 342.11,35%,222.37,1,,1,0,0,03-ГЫУШУ-2025,14-ГЫУШУ-2025,Delivery,03-ГЫУШУ-2025,AC - Accepted: In stock,,399U9,SPX5,,Unconfirmed,02-ГЫУШУ-2025,NO,Prepaid,Invoice,,,142,EGP,7,1,1,,0.00,No
69VED3RS,6221319330020,2325266703,B0DVCFV35H,,Junior Baby Cotton Hooded Blanket,EGP 342.11,35%,222.37,4,,4,0,0,03-ГЫУШУ-2025,14-ГЫУШУ-2025,Delivery,03-ГЫУШУ-2025,AC - Accepted: In stock,,399U9,SPX5,,Unconfirmed,02-ГЫУШУ-2025,NO,Prepaid,Invoice,,,142,EGP,7,1,1,,0.00,No
69VED3RS,6221319324050,2325260003,B0DVCFZFR2,,"Junior Baby Cotton Sleepsuit, 3 Months",EGP 372.81,35%,242.33,2,,2,0,0,03-ГЫУШУ-2025,14-ГЫУШУ-2025,Delivery,03-ГЫУШУ-2025,AC - Accepted: In stock,,399U9,SPX5,,Unconfirmed,02-ГЫУШУ-2025,NO,Prepaid,Invoice,,,142,EGP,7,1,1,,0.00,No
69VED3RS,6221319330051,2325267003,B0DVCG5PMB,,"Junior Baby Anti-Scratch Mittens, 3 Months",EGP 114.04,35%,74.13,2,,2,0,0,03-ГЫУШУ-2025,14-ГЫУШУ-2025,Delivery,03-ГЫУШУ-2025,AC - Accepted: In stock,,399U9,SPX5,,Unconfirmed,02-ГЫУШУ-2025,NO,Prepaid,Invoice,,,142,EGP,7,1,1,,0.00,No
69VED3RS,6221319325552,2325265518,B0DVCGBHMT,,"Junior Baby Cotton Pajama, 18 Months",EGP 460.53,35%,299.35,1,,1,0,0,03-ГЫУШУ-2025,14-ГЫУШУ-2025,Delivery,03-ГЫУШУ-2025,AC - Accepted: In stock,,399U9,SPX5,,Unconfirmed,02-ГЫУШУ-2025,NO,Prepaid,Invoice,,,142,EGP,7,1,1,,0.00,No
69VED3RS,6221319324562,2325261903,B0DVCGCWB4,,"Junior Baby Anti-Scratch Mittens, 3 Months",EGP 114.04,35%,74.13,2,,2,0,0,03-ГЫУШУ-2025,14-ГЫУШУ-2025,Delivery,03-ГЫУШУ-2025,AC - Accepted: In stock,,399U9,SPX5,,Unconfirmed,02-ГЫУШУ-2025,NO,Prepaid,Invoice,,,142,EGP,7,1,1,,0.00,No
69VED3RS,6221319325095,2325264003,B0DVCGFLCH,,"Junior Baby Girl Anti-Scratch Mittens, 3 Months",EGP 114.04,35%,74.13,1,,1,0,0,03-ГЫУШУ-2025,14-ГЫУШУ-2025,Delivery,03-ГЫУШУ-2025,AC - Accepted: In stock,,399U9,SPX5,,Unconfirmed,02-ГЫУШУ-2025,NO,Prepaid,Invoice,,,142,EGP,7,1,1,,0.00,No
69VED3RS,6221319322681,2325201503,B0DVGBTZ8G,,Junior Baby Boys Penguin Pals Blanket,EGP 342.11,35%,222.37,1,,1,0,0,03-ГЫУШУ-2025,14-ГЫУШУ-2025,Delivery,03-ГЫУШУ-2025,AC - Accepted: In stock,,399U9,SPX5,,Unconfirmed,02-ГЫУШУ-2025,NO,Prepaid,Invoice,,,142,EGP,7,1,1,,0.00,No
69VED3RS,6221319322612,2325201324,B0DVGDJNBV,,Junior Baby Boys Penguin Pals Footie Pajama,EGP 447.37,35%,290.79,3,,3,0,0,03-ГЫУШУ-2025,14-ГЫУШУ-2025,Delivery,03-ГЫУШУ-2025,AC - Accepted: In stock,,399U9,SPX5,,Unconfirmed,02-ГЫУШУ-2025,NO,Prepaid,Invoice,,,142,EGP,7,1,1,,0.00,No
69VED3RS,6221319322582,2325201309,B0DVGJG8B8,,"Junior Baby Boys Penguin Pals Footie Pajama, 9 Months",EGP 447.37,35%,290.79,1,,1,0,0,03-ГЫУШУ-2025,14-ГЫУШУ-2025,Delivery,03-ГЫУШУ-2025,AC - Accepted: In stock,,399U9,SPX5,,Unconfirmed,02-ГЫУШУ-2025,NO,Prepaid,Invoice,,,142,EGP,7,1,1,,0.00,No
69VED3RS,6221319323237,2325203803,B0DVGK9SGY,,Junior Cotton Baby Bib Set,EGP 144.74,35%,94.08,4,,4,0,0,03-ГЫУШУ-2025,14-ГЫУШУ-2025,Delivery,03-ГЫУШУ-2025,AC - Accepted: In stock,,399U9,SPX5,,Unconfirmed,02-ГЫУШУ-2025,NO,Prepaid,Invoice,,,142,EGP,7,1,1,,0.00,No
69VED3RS,6221319323251,2325204003,B0DVGMXL1Y,,"Junior Baby Anti-Scratch Mittens, 0-3 Months",EGP 114.04,35%,74.13,5,,5,0,0,03-ГЫУШУ-2025,14-ГЫУШУ-2025,Delivery,03-ГЫУШУ-2025,AC - Accepted: In stock,,399U9,SPX5,,Unconfirmed,02-ГЫУШУ-2025,NO,Prepaid,Invoice,,,142,EGP,7,1,1,,0.00,No
69VED3RS,6221319322599,2325201312,B0DVGQF5DT,,Junior Baby Boys Penguin Pals Footie Pajama,EGP 447.37,35%,290.79,2,,2,0,0,03-ГЫУШУ-2025,14-ГЫУШУ-2025,Delivery,03-ГЫУШУ-2025,AC - Accepted: In stock,,399U9,SPX5,,Unconfirmed,02-ГЫУШУ-2025,NO,Prepaid,Invoice,,,142,EGP,7,1,1,,0.00,No
69VED3RS,6221319322414,2325200403,B0DVGT7H3P,,Junior Baby Boys Space Snuggle Blanket,EGP 342.11,35%,222.37,1,,1,0,0,03-ГЫУШУ-2025,14-ГЫУШУ-2025,Delivery,03-ГЫУШУ-2025,AC - Accepted: In stock,,399U9,SPX5,,Unconfirmed,02-ГЫУШУ-2025,NO,Prepaid,Invoice,,,142,EGP,7,1,1,,0.00,No
69VED3RS,6221319322940,2325202503,B0DVH4399T,,Junior Baby Boy Hooded Blanket,EGP 342.11,35%,222.37,2,,2,0,0,03-ГЫУШУ-2025,14-ГЫУШУ-2025,Delivery,03-ГЫУШУ-2025,AC - Accepted: In stock,,399U9,SPX5,,Unconfirmed,02-ГЫУШУ-2025,NO,Prepaid,Invoice,,,142,EGP,7,1,1,,0.00,No
69VED3RS,6221319322964,2325202703,B0DVH5T7PJ,,Junior Cotton Baby Bib Set,EGP 144.74,35%,94.08,5,,5,0,0,03-ГЫУШУ-2025,14-ГЫУШУ-2025,Delivery,03-ГЫУШУ-2025,AC - Accepted: In stock,,399U9,SPX5,,Unconfirmed,02-ГЫУШУ-2025,NO,Prepaid,Invoice,,,142,EGP,7,1,1,,0.00,No
69VED3RS,6221319311784,2125122706,B0F43VCZQW,,"Junior Baby Boy Short Sleeve Romper, 3-6 Months",EGP 394.74,35%,256.58,4,,4,0,0,03-ГЫУШУ-2025,14-ГЫУШУ-2025,Delivery,03-ГЫУШУ-2025,AC - Accepted: In stock,,399U9,SPX5,,Unconfirmed,02-ГЫУШУ-2025,NO,Prepaid,Invoice,,,142,EGP,7,1,1,,0.00,No
69VED3RS,6221319313078,2125127512,B0F43WWBD5,,junior Pajama Set (Body & Printed Short With suspenders),EGP 394.74,35%,256.58,2,,2,0,0,03-ГЫУШУ-2025,14-ГЫУШУ-2025,Delivery,03-ГЫУШУ-2025,AC - Accepted: In stock,,399U9,SPX5,,Unconfirmed,02-ГЫУШУ-2025,NO,Prepaid,Invoice,,,142,EGP,7,1,1,,0.00,No
69VED3RS,6221319317359,2125300503,B0F43WYHJ3,,junior Pajama Set (Sleeveless T-Shirt & Printed Short),EGP 507.90,35%,327.85,4,,4,0,0,03-ГЫУШУ-2025,14-ГЫУШУ-2025,Delivery,03-ГЫУШУ-2025,AC - Accepted: In stock,,399U9,SPX5,,Unconfirmed,02-ГЫУШУ-2025,NO,Prepaid,Invoice,,,142,EGP,7,1,1,,0.00,No
69VED3RS,6221319311739,2125122303,B0F43XBL19,,"Junior Baby Hooded Swaddle Blanket - ""Let’s Go Surfing"", 0-3 Months",EGP 341.23,35%,222.37,2,,2,0,0,03-ГЫУШУ-2025,14-ГЫУШУ-2025,Delivery,03-ГЫУШУ-2025,AC - Accepted: In stock,,399U9,SPX5,,Unconfirmed,02-ГЫУШУ-2025,NO,Prepaid,Invoice,,,142,EGP,7,1,1,,0.00,No
69VED3RS,6221319313696,2125130203,B0F43XZHW8,,"junior Pajama Set (Hooded T-Shirt & Printed Short), 24",EGP 482.46,35%,313.6,4,,4,0,0,03-ГЫУШУ-2025,14-ГЫУШУ-2025,Delivery,03-ГЫУШУ-2025,AC - Accepted: In stock,,399U9,SPX5,,Unconfirmed,02-ГЫУШУ-2025,NO,Prepaid,Invoice,,,142,EGP,7,1,1,,0.00,No
69VED3RS,6221319316376,2125178709,B0F43Y7C5W,,junior Pajama Set (T-Shirt & Printed Pants),EGP 507.90,35%,327.85,1,,1,0,0,03-ГЫУШУ-2025,14-ГЫУШУ-2025,Delivery,03-ГЫУШУ-2025,AC - Accepted: In stock,,399U9,SPX5,,Unconfirmed,02-ГЫУШУ-2025,NO,Prepaid,Invoice,,,142,EGP,7,1,1,,0.00,No
69VED3RS,6221319313085,2125127603,B0F43Y8QSB,,junior Pajama Set (Body & Printed Short With suspenders),EGP 372.81,35%,242.32,5,,5,0,0,03-ГЫУШУ-2025,14-ГЫУШУ-2025,Delivery,03-ГЫУШУ-2025,AC - Accepted: In stock,,399U9,SPX5,,Unconfirmed,02-ГЫУШУ-2025,NO,Prepaid,Invoice,,,142,EGP,7,1,1,,0.00,No
69VED3RS,6221319311197,2125120312,B0F43YD7F1,,"Junior Baby Casual T-Shirt & Jogger Pants Set, 12 Months",EGP 460.53,35%,299.34,3,,3,0,0,03-ГЫУШУ-2025,14-ГЫУШУ-2025,Delivery,03-ГЫУШУ-2025,AC - Accepted: In stock,,399U9,SPX5,,Unconfirmed,02-ГЫУШУ-2025,NO,Prepaid,Invoice,,,142,EGP,7,1,1,,0.00,No
69VED3RS,6221319317595,2125300908,B0F43YFQGK,,junior Pajama Set (Sleeveless T-Shirt & Printed Short),EGP 481.58,35%,313.6,4,,4,0,0,03-ГЫУШУ-2025,14-ГЫУШУ-2025,Delivery,03-ГЫУШУ-2025,AC - Accepted: In stock,,399U9,SPX5,,Unconfirmed,02-ГЫУШУ-2025,NO,Prepaid,Invoice,,,142,EGP,7,1,1,,0.00,No
69VED3RS,6221319315119,2125173903,B0F43YLQGN,,junior Printed Shirt Bib,EGP 144.74,35%,94.08,2,,2,0,0,03-ГЫУШУ-2025,14-ГЫУШУ-2025,Delivery,03-ГЫУШУ-2025,AC - Accepted: In stock,,399U9,SPX5,,Unconfirmed,02-ГЫУШУ-2025,NO,Prepaid,Invoice,,,142,EGP,7,1,1,,0.00,No
69VED3RS,6221319311654,2125122024,B0F43YMNQ7,,"Junior Baby Boy ""Hello Summer"" Printed T-Shirt & Shorts Set, 18-24 Months",EGP 438.60,35%,285.09,1,,1,0,0,03-ГЫУШУ-2025,14-ГЫУШУ-2025,Delivery,03-ГЫУШУ-2025,AC - Accepted: In stock,,399U9,SPX5,,Unconfirmed,02-ГЫУШУ-2025,NO,Prepaid,Invoice,,,142,EGP,7,1,1,,0.00,No
69VED3RS,6221319311203,2125120318,B0F43YQCQG,,"Junior Baby Casual T-Shirt & Jogger Pants Set, 18 Months",EGP 460.53,35%,299.34,3,,3,0,0,03-ГЫУШУ-2025,14-ГЫУШУ-2025,Delivery,03-ГЫУШУ-2025,AC - Accepted: In stock,,399U9,SPX5,,Unconfirmed,02-ГЫУШУ-2025,NO,Prepaid,Invoice,,,142,EGP,7,1,1,,0.00,No
69VED3RS,6221319312866,2125126612,B0F43YQR5K,,junior Pajama Set (Shirt & T-Shirt & Printed Short),EGP 482.46,35%,313.6,2,,2,0,0,03-ГЫУШУ-2025,14-ГЫУШУ-2025,Delivery,03-ГЫУШУ-2025,AC - Accepted: In stock,,399U9,SPX5,,Unconfirmed,02-ГЫУШУ-2025,NO,Prepaid,Invoice,,,142,EGP,7,1,1,,0.00,No
69VED3RS,6221319317915,2125301604,B0F43Z1N6X,,junior Pajama Set (T-Shirt & Printed Pants),EGP 464.04,35%,299.34,2,,2,0,0,03-ГЫУШУ-2025,14-ГЫУШУ-2025,Delivery,03-ГЫУШУ-2025,AC - Accepted: In stock,,399U9,SPX5,,Unconfirmed,02-ГЫУШУ-2025,NO,Prepaid,Invoice,,,142,EGP,7,1,1,,0.00,No
69VED3RS,6221319311982,2125123203,B0F43Z23V7,,Junior Baby Receiving Blanket – Safari Print (0-3 Months),EGP 341.23,35%,222.37,1,,1,0,0,03-ГЫУШУ-2025,14-ГЫУШУ-2025,Delivery,03-ГЫУШУ-2025,AC - Accepted: In stock,,399U9,SPX5,,Unconfirmed,02-ГЫУШУ-2025,NO,Prepaid,Invoice,,,142,EGP,7,1,1,,0.00,No
69VED3RS,6221319315720,2125176512,B0F43Z4YPG,,junior Pajama Set (T-Shirt & Printed Short),EGP 394.74,35%,256.58,2,,2,0,0,03-ГЫУШУ-2025,14-ГЫУШУ-2025,Delivery,03-ГЫУШУ-2025,AC - Accepted: In stock,,399U9,SPX5,,Unconfirmed,02-ГЫУШУ-2025,NO,Prepaid,Invoice,,,142,EGP,7,1,1,,0.00,No
69VED3RS,6221319316987,2125180703,B0F43Z58JW,,"junior Pajama Set (T-Shirt & Printed Pants), 24",EGP 481.58,35%,313.6,1,,1,0,0,03-ГЫУШУ-2025,14-ГЫУШУ-2025,Delivery,03-ГЫУШУ-2025,AC - Accepted: In stock,,399U9,SPX5,,Unconfirmed,02-ГЫУШУ-2025,NO,Prepaid,Invoice,,,142,EGP,7,1,1,,0.00,No
69VED3RS,6221319311722,2125122203,B0F43Z634D,,"Junior Baby Hooded Swaddle Blanket, 0-3 Months",EGP 341.23,35%,222.37,2,,2,0,0,03-ГЫУШУ-2025,14-ГЫУШУ-2025,Delivery,03-ГЫУШУ-2025,AC - Accepted: In stock,,399U9,SPX5,,Unconfirmed,02-ГЫУШУ-2025,NO,Prepaid,Invoice,,,142,EGP,7,1,1,,0.00,No
69VED3RS,6221319316802,2125180203,B0F43Z78S4,,Printed Romper,EGP 104.39,34%,68.42,3,,3,0,0,03-ГЫУШУ-2025,14-ГЫУШУ-2025,Delivery,03-ГЫУШУ-2025,AC - Accepted: In stock,,399U9,SPX5,,Unconfirmed,02-ГЫУШУ-2025,NO,Prepaid,Invoice,,,142,EGP,7,1,1,,0.00,No
69VED3RS,6221319311623,2125122009,B0F43Z7D7N,,"Junior Baby Boy ""Hello Summer"" Printed T-Shirt & Shorts Set, 6-9 Months",EGP 438.60,35%,285.09,4,,4,0,0,03-ГЫУШУ-2025,14-ГЫУШУ-2025,Delivery,03-ГЫУШУ-2025,AC - Accepted: In stock,,399U9,SPX5,,Unconfirmed,02-ГЫУШУ-2025,NO,Prepaid,Invoice,,,142,EGP,7,1,1,,0.00,No
69VED3RS,6221319319551,2125340303,B0F43Z8G3C,,junior Pajama Set (T-Shirt & Printed Pants),EGP 464.04,35%,299.34,1,,1,0,0,03-ГЫУШУ-2025,14-ГЫУШУ-2025,Delivery,03-ГЫУШУ-2025,AC - Accepted: In stock,,399U9,SPX5,,Unconfirmed,02-ГЫУШУ-2025,NO,Prepaid,Invoice,,,142,EGP,7,1,1,,0.00,No
69VED3RS,6221319313740,2125130224,B0F43Z8R6K,,"junior Pajama Set (T-Shirt & Printed Pants), 18",EGP 481.58,35%,313.6,1,,1,0,0,03-ГЫУШУ-2025,14-ГЫУШУ-2025,Delivery,03-ГЫУШУ-2025,AC - Accepted: In stock,,399U9,SPX5,,Unconfirmed,02-ГЫУШУ-2025,NO,Prepaid,Invoice,,,142,EGP,7,1,1,,0.00,No
69VED3RS,6221319313542,2125129303,B0F43Z9DRD,,junior Printed Beanie,EGP 341.23,35%,222.37,1,,1,0,0,03-ГЫУШУ-2025,14-ГЫУШУ-2025,Delivery,03-ГЫУШУ-2025,AC - Accepted: In stock,,399U9,SPX5,,Unconfirmed,02-ГЫУШУ-2025,NO,Prepaid,Invoice,,,142,EGP,7,1,1,,0.00,No
69VED3RS,6221319321158,2125360818,B0F43ZB2J6,,junior Printed Dress,EGP 613.16,35%,399.12,4,,4,0,0,03-ГЫУШУ-2025,14-ГЫУШУ-2025,Delivery,03-ГЫУШУ-2025,AC - Accepted: In stock,,399U9,SPX5,,Unconfirmed,02-ГЫУШУ-2025,NO,Prepaid,Invoice,,,142,EGP,7,1,1,,0.00,No
69VED3RS,6221319328911,2125181703,B0F43ZCVYX,,"junior Pajama Set (T-Shirt & Printed Pants), 24",EGP 481.58,35%,313.6,3,,3,0,0,03-ГЫУШУ-2025,14-ГЫУШУ-2025,Delivery,03-ГЫУШУ-2025,AC - Accepted: In stock,,399U9,SPX5,,Unconfirmed,02-ГЫУШУ-2025,NO,Prepaid,Invoice,,,142,EGP,7,1,1,,0.00,No
69VED3RS,6221319311210,2125120324,B0F43ZD6P9,,"Junior Baby Casual T-Shirt & Jogger Pants Set, 24 Months",EGP 460.53,35%,299.34,5,,5,0,0,03-ГЫУШУ-2025,14-ГЫУШУ-2025,Delivery,03-ГЫУШУ-2025,AC - Accepted: In stock,,399U9,SPX5,,Unconfirmed,02-ГЫУШУ-2025,NO,Prepaid,Invoice,,,142,EGP,7,1,1,,0.00,No
69VED3RS,6221319311371,2125121109,B0F43ZDSC4,,"Junior Baby Boy T-Shirt & Shorts Set, 6-9 Months",EGP 507.90,35%,327.85,4,,4,0,0,03-ГЫУШУ-2025,14-ГЫУШУ-2025,Delivery,03-ГЫУШУ-2025,AC - Accepted: In stock,,399U9,SPX5,,Unconfirmed,02-ГЫУШУ-2025,NO,Prepaid,Invoice,,,142,EGP,7,1,1,,0.00,No
69VED3RS,6221319311227,2125120403,B0F43ZGHTR,,"junior Baby Hooded Receiving Blanket, 3 Months",EGP 341.23,35%,222.37,16,,16,0,0,03-ГЫУШУ-2025,14-ГЫУШУ-2025,Delivery,03-ГЫУШУ-2025,AC - Accepted: In stock,,399U9,SPX5,,Unconfirmed,02-ГЫУШУ-2025,NO,Prepaid,Invoice,,,142,EGP,7,1,1,,0.00,No
69VED3RS,6221319315737,2125176603,B0F43ZGVX2,,"junior Pajama Set (T-Shirt & Printed Short), 24",EGP 507.90,35%,327.85,4,,4,0,0,03-ГЫУШУ-2025,14-ГЫУШУ-2025,Delivery,03-ГЫУШУ-2025,AC - Accepted: In stock,,399U9,SPX5,,Unconfirmed,02-ГЫУШУ-2025,NO,Prepaid,Invoice,,,142,EGP,7,1,1,,0.00,No
69VED3RS,6221319315140,2125174203,B0F43ZJRRJ,,"junior Printed Romper, 9",EGP 104.39,34%,68.42,1,,1,0,0,03-ГЫУШУ-2025,14-ГЫУШУ-2025,Delivery,03-ГЫУШУ-2025,AC - Accepted: In stock,,399U9,SPX5,,Unconfirmed,02-ГЫУШУ-2025,NO,Prepaid,Invoice,,,142,EGP,7,1,1,,0.00,No
69VED3RS,6221319319841,2125340808,B0F43ZL61Y,,junior Printed Dress,EGP 551.76,35%,356.36,1,,1,0,0,03-ГЫУШУ-2025,14-ГЫУШУ-2025,Delivery,03-ГЫУШУ-2025,AC - Accepted: In stock,,399U9,SPX5,,Unconfirmed,02-ГЫУШУ-2025,NO,Prepaid,Invoice,,,142,EGP,7,1,1,,0.00,No
69VED3RS,6221319315393,2125175103,B0F43ZM1R2,,"junior Printed Romper, 6 Years",EGP 153.51,35%,99.78,7,,7,0,0,03-ГЫУШУ-2025,14-ГЫУШУ-2025,Delivery,03-ГЫУШУ-2025,AC - Accepted: In stock,,399U9,SPX5,,Unconfirmed,02-ГЫУШУ-2025,NO,Prepaid,Invoice,,,142,EGP,7,1,1,,0.00,No
69VED3RS,6221319315669,2125176203,B0F43ZN457,,junior Printed Romper,EGP 118.43,35%,76.97,5,,5,0,0,03-ГЫУШУ-2025,14-ГЫУШУ-2025,Delivery,03-ГЫУШУ-2025,AC - Accepted: In stock,,399U9,SPX5,,Unconfirmed,02-ГЫУШУ-2025,NO,Prepaid,Invoice,,,142,EGP,7,1,1,,0.00,No
69VED3RS,6221319313115,2125127612,B0F43ZN587,,junior Pajama Set (Body & Printed Short With suspenders),EGP 372.81,35%,242.32,1,,1,0,0,03-ГЫУШУ-2025,14-ГЫУШУ-2025,Delivery,03-ГЫУШУ-2025,AC - Accepted: In stock,,399U9,SPX5,,Unconfirmed,02-ГЫУШУ-2025,NO,Prepaid,Invoice,,,142,EGP,7,1,1,,0.00,No
69VED3RS,6221319317373,2125300505,B0F43ZR2BP,,junior Pajama Set (Sleeveless T-Shirt & Printed Short),EGP 507.90,35%,327.85,2,,2,0,0,03-ГЫУШУ-2025,14-ГЫУШУ-2025,Delivery,03-ГЫУШУ-2025,AC - Accepted: In stock,,399U9,SPX5,,Unconfirmed,02-ГЫУШУ-2025,NO,Prepaid,Invoice,,,142,EGP,7,1,1,,0.00,No
69VED3RS,6221319311753,2125122503,B0F43ZTWLT,,Junior Baby Boy Sleeveless Bib,EGP 104.39,34%,68.42,6,,6,0,0,03-ГЫУШУ-2025,14-ГЫУШУ-2025,Delivery,03-ГЫУШУ-2025,AC - Accepted: In stock,,399U9,SPX5,,Unconfirmed,02-ГЫУШУ-2025,NO,Prepaid,Invoice,,,142,EGP,7,1,1,,0.00,No
69VED3RS,6221319312446,2125124812,B0F43ZTWPC,,Junior Baby Boy Set (9-12 Months),EGP 482.46,35%,313.6,5,,5,0,0,03-ГЫУШУ-2025,14-ГЫУШУ-2025,Delivery,03-ГЫУШУ-2025,AC - Accepted: In stock,,399U9,SPX5,,Unconfirmed,02-ГЫУШУ-2025,NO,Prepaid,Invoice,,,142,EGP,7,1,1,,0.00,No
69VED3RS,6221319313412,2125129012,B0F43ZVBN8,,junior Pajama Set (Shirt & Printed Short),EGP 504.39,35%,327.85,1,,1,0,0,03-ГЫУШУ-2025,14-ГЫУШУ-2025,Delivery,03-ГЫУШУ-2025,AC - Accepted: In stock,,399U9,SPX5,,Unconfirmed,02-ГЫУШУ-2025,NO,Prepaid,Invoice,,,142,EGP,7,1,1,,0.00,No
69VED3RS,6221319313375,2125128912,B0F43ZWGQL,,junior Pajama Set (Shirt & Printed Short),EGP 372.81,35%,242.32,1,,1,0,0,03-ГЫУШУ-2025,14-ГЫУШУ-2025,Delivery,03-ГЫУШУ-2025,AC - Accepted: In stock,,399U9,SPX5,,Unconfirmed,02-ГЫУШУ-2025,NO,Prepaid,Invoice,,,142,EGP,7,1,1,,0.00,No
69VED3RS,6221319313276,2125128203,B0F43ZWXCK,,"junior Printed Beanie, 3",EGP 105.27,35%,68.42,3,,3,0,0,03-ГЫУШУ-2025,14-ГЫУШУ-2025,Delivery,03-ГЫУШУ-2025,AC - Accepted: In stock,,399U9,SPX5,,Unconfirmed,02-ГЫУШУ-2025,NO,Prepaid,Invoice,,,142,EGP,7,1,1,,0.00,No
69VED3RS,6221319316918,2125180524,B0F43ZX2BP,,"junior Pajama Set Dress & Printed Panty, 18",EGP 481.58,35%,313.6,3,,3,0,0,03-ГЫУШУ-2025,14-ГЫУШУ-2025,Delivery,03-ГЫУШУ-2025,AC - Accepted: In stock,,399U9,SPX5,,Unconfirmed,02-ГЫУШУ-2025,NO,Prepaid,Invoice,,,142,EGP,7,1,1,,0.00,No
69VED3RS,6221319311395,2125121118,B0F43ZYG3S,,"Junior Baby Boy T-Shirt & Shorts Set, 12-18 Months",EGP 507.90,35%,327.85,2,,2,0,0,03-ГЫУШУ-2025,14-ГЫУШУ-2025,Delivery,03-ГЫУШУ-2025,AC - Accepted: In stock,,399U9,SPX5,,Unconfirmed,02-ГЫУШУ-2025,NO,Prepaid,Invoice,,,142,EGP,7,1,1,,0.00,No
69VED3RS,6221319312477,2125124903,B0F43ZZ7SH,,Junior Baby Boy Wearable Blanket (0-3 Months),EGP 342.11,35%,222.37,1,,1,0,0,03-ГЫУШУ-2025,14-ГЫУШУ-2025,Delivery,03-ГЫУШУ-2025,AC - Accepted: In stock,,399U9,SPX5,,Unconfirmed,02-ГЫУШУ-2025,NO,Prepaid,Invoice,,,142,EGP,7,1,1,,0.00,No
69VED3RS,6221319313856,2125130803,B0F4415FK4,,junior Printed Romper,EGP 105.27,35%,68.42,5,,5,0,0,03-ГЫУШУ-2025,14-ГЫУШУ-2025,Delivery,03-ГЫУШУ-2025,AC - Accepted: In stock,,399U9,SPX5,,Unconfirmed,02-ГЫУШУ-2025,NO,Prepaid,Invoice,,,142,EGP,7,1,1,,0.00,No
69VED3RS,6221319311234,2125120503,B0F44161Z3,,"Junior Aloha Hawaii Hooded Baby Blanket, 0-3 Months",EGP 342.11,35%,222.37,3,,3,0,0,03-ГЫУШУ-2025,14-ГЫУШУ-2025,Delivery,03-ГЫУШУ-2025,AC - Accepted: In stock,,399U9,SPX5,,Unconfirmed,02-ГЫУШУ-2025,NO,Prepaid,Invoice,,,142,EGP,7,1,1,,0.00,No
69VED3RS,6221319317649,2125301008,B0F4416MXK,,junior Pajama Set (Long Sleeve T-Shirt & Printed Pants),EGP 481.58,35%,313.6,2,,2,0,0,03-ГЫУШУ-2025,14-ГЫУШУ-2025,Delivery,03-ГЫУШУ-2025,AC - Accepted: In stock,,399U9,SPX5,,Unconfirmed,02-ГЫУШУ-2025,NO,Prepaid,Invoice,,,142,EGP,7,1,1,,0.00,No
69VED3RS,6221319316413,2125178803,B0F441853N,,"junior Pajama Set (T-Shirt & Printed Pants), 24",EGP 481.58,35%,313.6,2,,2,0,0,03-ГЫУШУ-2025,14-ГЫУШУ-2025,Delivery,03-ГЫУШУ-2025,AC - Accepted: In stock,,399U9,SPX5,,Unconfirmed,02-ГЫУШУ-2025,NO,Prepaid,Invoice,,,142,EGP,7,1,1,,0.00,No
69VED3RS,6221319328676,2125132803,B0F4418GX8,,"junior Printed Romper, 6 Years",EGP 104.39,34%,68.42,1,,1,0,0,03-ГЫУШУ-2025,14-ГЫУШУ-2025,Delivery,03-ГЫУШУ-2025,AC - Accepted: In stock,,399U9,SPX5,,Unconfirmed,02-ГЫУШУ-2025,NO,Prepaid,Invoice,,,142,EGP,7,1,1,,0.00,No
69VED3RS,6221319315560,2125175724,B0F441BRHC,,"junior Pajama Set (T-Shirt & Printed Pants), 18",EGP 437.72,35%,285.09,1,,1,0,0,03-ГЫУШУ-2025,14-ГЫУШУ-2025,Delivery,03-ГЫУШУ-2025,AC - Accepted: In stock,,399U9,SPX5,,Unconfirmed,02-ГЫУШУ-2025,NO,Prepaid,Invoice,,,142,EGP,7,1,1,,0.00,No
69VED3RS,6221319315935,2125177103,B0F441GRZR,,Printed Romper,EGP 99.78,0%,99.78,17,,17,0,0,03-ГЫУШУ-2025,14-ГЫУШУ-2025,Delivery,03-ГЫУШУ-2025,AC - Accepted: In stock,,399U9,SPX5,,Unconfirmed,02-ГЫУШУ-2025,NO,Prepaid,Invoice,,,142,EGP,7,1,1,,0.00,No
69VED3RS,6221319311579,2125121906,B0F441LNPJ,,"Junior Baby Boy Printed T-Shirt & Suspender Dungaree Set, 3-6 Months",EGP 504.39,35%,327.85,2,,2,0,0,03-ГЫУШУ-2025,14-ГЫУШУ-2025,Delivery,03-ГЫУШУ-2025,AC - Accepted: In stock,,399U9,SPX5,,Unconfirmed,02-ГЫУШУ-2025,NO,Prepaid,Invoice,,,142,EGP,7,1,1,,0.00,No
69VED3RS,6221319317090,2125181303,B0F441SPM5,,Pajama Set (T-Shirt & Printed Short),EGP 121.93,37%,76.97,3,,3,0,0,03-ГЫУШУ-2025,14-ГЫУШУ-2025,Delivery,03-ГЫУШУ-2025,AC - Accepted: In stock,,399U9,SPX5,,Unconfirmed,02-ГЫУШУ-2025,NO,Prepaid,Invoice,,,142,EGP,7,1,1,,0.00,No
69VED3RS,6221319311630,2125122012,B0F441VRRC,,"Junior Baby Boy ""Hello Summer"" Printed T-Shirt & Shorts Set, 9-12 Months",EGP 438.60,35%,285.09,1,,1,0,0,03-ГЫУШУ-2025,14-ГЫУШУ-2025,Delivery,03-ГЫУШУ-2025,AC - Accepted: In stock,,399U9,SPX5,,Unconfirmed,02-ГЫУШУ-2025,NO,Prepaid,Invoice,,,142,EGP,7,1,1,,0.00,No
69VED3RS,6221319316642,2125179603,B0F441W3V6,,"junior Pajama Set (Dress & Printed Panty), 24",EGP 437.72,35%,285.09,2,,2,0,0,03-ГЫУШУ-2025,14-ГЫУШУ-2025,Delivery,03-ГЫУШУ-2025,AC - Accepted: In stock,,399U9,SPX5,,Unconfirmed,02-ГЫУШУ-2025,NO,Prepaid,Invoice,,,142,EGP,7,1,1,,0.00,No
69VED3RS,6221319312460,2125124824,B0F441X2FF,,Junior Baby Boy Set (18-24 Months),EGP 482.46,35%,313.6,2,,2,0,0,03-ГЫУШУ-2025,14-ГЫУШУ-2025,Delivery,03-ГЫУШУ-2025,AC - Accepted: In stock,,399U9,SPX5,,Unconfirmed,02-ГЫУШУ-2025,NO,Prepaid,Invoice,,,142,EGP,7,1,1,,0.00,No
69VED3RS,6221319317069,2125181003,B0F441XHXL,,Printed Romper,EGP 144.74,35%,94.08,18,,18,0,0,03-ГЫУШУ-2025,14-ГЫУШУ-2025,Delivery,03-ГЫУШУ-2025,AC - Accepted: In stock,,399U9,SPX5,,Unconfirmed,02-ГЫУШУ-2025,NO,Prepaid,Invoice,,,142,EGP,7,1,1,,0.00,No
69VED3RS,6221319320847,2125360216,B0F441XST8,,junior Pajama Set (T-Shirt & Printed Short),EGP 613.16,35%,396.27,6,,6,0,0,03-ГЫУШУ-2025,14-ГЫУШУ-2025,Delivery,03-ГЫУШУ-2025,AC - Accepted: In stock,,399U9,SPX5,,Unconfirmed,02-ГЫУШУ-2025,NO,Prepaid,Invoice,,,142,EGP,7,1,1,,0.00,No
69VED3RS,6221319313092,2125127606,B0F441Z6YK,,"junior Pajama Set (Body & Printed Short With suspenders), 9",EGP 372.81,35%,242.32,2,,2,0,0,03-ГЫУШУ-2025,14-ГЫУШУ-2025,Delivery,03-ГЫУШУ-2025,AC - Accepted: In stock,,399U9,SPX5,,Unconfirmed,02-ГЫУШУ-2025,NO,Prepaid,Invoice,,,142,EGP,7,1,1,,0.00,No
69VED3RS,6221319317588,2125300906,B0F441ZJ6F,,junior Pajama Set (Sleeveless T-Shirt & Printed Short),EGP 481.58,35%,313.6,2,,2,0,0,03-ГЫУШУ-2025,14-ГЫУШУ-2025,Delivery,03-ГЫУШУ-2025,AC - Accepted: In stock,,399U9,SPX5,,Unconfirmed,02-ГЫУШУ-2025,NO,Prepaid,Invoice,,,142,EGP,7,1,1,,0.00,No
69VED3RS,6221319315416,2125175303,B0F4421Y66,,junior Printed Romper,EGP 105.27,35%,68.42,18,,18,0,0,03-ГЫУШУ-2025,14-ГЫУШУ-2025,Delivery,03-ГЫУШУ-2025,AC - Accepted: In stock,,399U9,SPX5,,Unconfirmed,02-ГЫУШУ-2025,NO,Prepaid,Invoice,,,142,EGP,7,1,1,,0.00,No
69VED3RS,6221319317076,2125181103,B0F44279HH,,Printed Romper,EGP 109.65,35%,71.27,21,,21,0,0,03-ГЫУШУ-2025,14-ГЫУШУ-2025,Delivery,03-ГЫУШУ-2025,AC - Accepted: In stock,,399U9,SPX5,,Unconfirmed,02-ГЫУШУ-2025,NO,Prepaid,Invoice,,,142,EGP,7,1,1,,0.00,No
69VED3RS,6221319311401,2125121124,B0F4428QQ7,,"Junior Baby Boy T-Shirt & Shorts Set, 18-24 Months",EGP 507.90,35%,327.85,4,,4,0,0,03-ГЫУШУ-2025,14-ГЫУШУ-2025,Delivery,03-ГЫУШУ-2025,AC - Accepted: In stock,,399U9,SPX5,,Unconfirmed,02-ГЫУШУ-2025,NO,Prepaid,Invoice,,,142,EGP,7,1,1,,0.00,No
69VED3RS,6221319318646,2125320818,B0F442B1S6,,junior Pajama Set (T-Shirt & Printed Short),EGP 657.02,35%,427.63,2,,2,0,0,03-ГЫУШУ-2025,14-ГЫУШУ-2025,Delivery,03-ГЫУШУ-2025,AC - Accepted: In stock,,399U9,SPX5,,Unconfirmed,02-ГЫУШУ-2025,NO,Prepaid,Invoice,,,142,EGP,7,1,1,,0.00,No
69VED3RS,6221319317618,2125301004,B0F442KW9R,,junior Pajama Set (Long Sleeve T-Shirt & Printed Pants),EGP 481.58,35%,313.6,2,,2,0,0,03-ГЫУШУ-2025,14-ГЫУШУ-2025,Delivery,03-ГЫУШУ-2025,AC - Accepted: In stock,,399U9,SPX5,,Unconfirmed,02-ГЫУШУ-2025,NO,Prepaid,Invoice,,,142,EGP,7,1,1,,0.00,No
69VED3RS,6221319329758,2125342808,B0F442M4XY,,junior Printed Dress,EGP 551.76,35%,356.36,1,,1,0,0,03-ГЫУШУ-2025,14-ГЫУШУ-2025,Delivery,03-ГЫУШУ-2025,AC - Accepted: In stock,,399U9,SPX5,,Unconfirmed,02-ГЫУШУ-2025,NO,Prepaid,Invoice,,,142,EGP,7,1,1,,0.00,No
69VED3RS,6221319328706,2125133103,B0F442QYGB,,"junior Printed Romper, 6",EGP 85.53,0%,85.53,2,,2,0,0,03-ГЫУШУ-2025,14-ГЫУШУ-2025,Delivery,03-ГЫУШУ-2025,AC - Accepted: In stock,,399U9,SPX5,,Unconfirmed,02-ГЫУШУ-2025,NO,Prepaid,Invoice,,,142,EGP,7,1,1,,0.00,No
69VED3RS,6221319311760,2125122603,B0F442T34W,,Junior Baby Reversible Cotton Bib,EGP 104.39,34%,68.42,7,,7,0,0,03-ГЫУШУ-2025,14-ГЫУШУ-2025,Delivery,03-ГЫУШУ-2025,AC - Accepted: In stock,,399U9,SPX5,,Unconfirmed,02-ГЫУШУ-2025,NO,Prepaid,Invoice,,,142,EGP,7,1,1,,0.00,No
69VED3RS,6221319317984,2125301706,B0F442VHG7,,junior Pajama Set (Long Sleeve T-Shirt & Printed Pants),EGP 481.58,35%,313.6,2,,2,0,0,03-ГЫУШУ-2025,14-ГЫУШУ-2025,Delivery,03-ГЫУШУ-2025,AC - Accepted: In stock,,399U9,SPX5,,Unconfirmed,02-ГЫУШУ-2025,NO,Prepaid,Invoice,,,142,EGP,7,1,1,,0.00,No
69VED3RS,6221319316291,2125178603,B0F442XQPQ,,"junior Pajama Set (T-Shirt & Printed Short), 24",EGP 507.90,35%,327.85,2,,2,0,0,03-ГЫУШУ-2025,14-ГЫУШУ-2025,Delivery,03-ГЫУШУ-2025,AC - Accepted: In stock,,399U9,SPX5,,Unconfirmed,02-ГЫУШУ-2025,NO,Prepaid,Invoice,,,142,EGP,7,1,1,,0.00,No
69VED3RS,6221319312248,2125124203,B0F443CNJ8,,Junior Baby Bib 2-Pack Set,EGP 153.51,35%,99.78,3,,3,0,0,03-ГЫУШУ-2025,14-ГЫУШУ-2025,Delivery,03-ГЫУШУ-2025,AC - Accepted: In stock,,399U9,SPX5,,Unconfirmed,02-ГЫУШУ-2025,NO,Prepaid,Invoice,,,142,EGP,7,1,1,,0.00,No
69VED3RS,6221319316819,2125180303,B0F443FJB1,,"junior Pajama Set (T-Shirt & Printed Short), 3",EGP 104.39,34%,68.42,2,,2,0,0,03-ГЫУШУ-2025,14-ГЫУШУ-2025,Delivery,03-ГЫУШУ-2025,AC - Accepted: In stock,,399U9,SPX5,,Unconfirmed,02-ГЫУШУ-2025,NO,Prepaid,Invoice,,,142,EGP,7,1,1,,0.00,No
69VED3RS,6221319312996,2125127003,B0F443LH32,,junior Printed Romper,EGP 222.37,0%,222.37,1,,1,0,0,03-ГЫУШУ-2025,14-ГЫУШУ-2025,Delivery,03-ГЫУШУ-2025,AC - Accepted: In stock,,399U9,SPX5,,Unconfirmed,02-ГЫУШУ-2025,NO,Prepaid,Invoice,,,142,EGP,7,1,1,,0.00,No
69VED3RS,6221319313849,2125130703,B0F443LH5Q,,"junior Printed Romper, 6",EGP 104.39,34%,68.42,2,,2,0,0,03-ГЫУШУ-2025,14-ГЫУШУ-2025,Delivery,03-ГЫУШУ-2025,AC - Accepted: In stock,,399U9,SPX5,,Unconfirmed,02-ГЫУШУ-2025,NO,Prepaid,Invoice,,,142,EGP,7,1,1,,0.00,No
69VED3RS,6221319340838,251217303-Blue-12,B0FDWXXB7M,,"Junior T-Shirt for Boys Blue, 12 Years",EGP 199.56,0%,199.56,1,,1,0,0,03-ГЫУШУ-2025,14-ГЫУШУ-2025,Delivery,03-ГЫУШУ-2025,AC - Accepted: In stock,,399U9,SPX5,,Unconfirmed,02-ГЫУШУ-2025,NO,Prepaid,Invoice,,,142,EGP,7,1,1,,0.00,No
69VED3RS,6221319352008,251216461-BROWN-04,B0FDX334D8,,"Junior Short for Boys, BROWN, 04",EGP 327.85,0%,327.85,1,,1,0,0,03-ГЫУШУ-2025,14-ГЫУШУ-2025,Delivery,03-ГЫУШУ-2025,AC - Accepted: In stock,,399U9,SPX5,,Unconfirmed,02-ГЫУШУ-2025,NO,Prepaid,Invoice,,,142,EGP,7,1,1,,0.00,No
